PRODUK_CODE,NAMA_PRODUK,BOM_CODE,MATERIAL_NAME,PERCENTAGE,QTY,SATUAN,STANDARD_COST,WASTE,TOTAL_BIAYA
3010101001.0,MR FN 35-25 D 65%P/15%ES/20%BC 158 CM,1010200002.0,POLYESTER  1.5DX38MM,0.65,0.65,KG,18700,0.1,13505.555555555555
3010102001.0,MR FN 35-25 D 85%P/15%ES 158 CM,1010200002.0,POLYESTER  1.5DX38MM,0.85,0.85,KG,18700,0.1,17661.11111111111
3010201001.0,MR FN 35-76 H 100%P 150 CM (DWA 138 CM),1010200002.0,POLYESTER  1.5DX38MM,1.0,1.0,KG,18700,0.1,20777.777777777777
3010201002.0,MR FN 35-76 H 100%P 165 CM (DWA 147 CM),1010200002.0,POLYESTER  1.5DX38MM,1.0,1.0,KG,18700,0.1,20777.777777777777
3010301001.0,MR FN 40-25 D 95%P/5%ES 147 CM,1010200002.0,POLYESTER  1.5DX38MM,0.95,0.95,KG,18700,0.1,19738.888888888887
3010302001.0,MR FN 40-25 D 50%R/50%P 160 CM,1010100001.0,VISCOSE RAYON Staple Fibre 1.7D X 40 mm,0.5,0.5,KG,29000,0.1,16111.111111111111
3010302002.0,MR FN 40-25 D 50%R/50%P 152 CM,1010100001.0,VISCOSE RAYON Staple Fibre 1.7D X 40 mm,0.5,0.5,KG,29000,0.1,16111.111111111111
3010401001.0,MR FN 40-76 H 50%R/50%P 152 CM,1010100001.0,VISCOSE RAYON Staple Fibre 1.7D X 40 mm,0.5,0.5,KG,29000,0.1,16111.111111111111
3010401002.0,MR FN 40-76 H 50%R/50%P 156 CM,1010100001.0,VISCOSE RAYON Staple Fibre 1.7D X 40 mm,0.5,0.5,KG,29000,0.1,16111.111111111111
3010401003.0,MR FN 40-76 H 50%R/50%P 158 CM,1010100001.0,VISCOSE RAYON Staple Fibre 1.7D X 40 mm,0.5,0.5,KG,29000,0.1,16111.111111111111
3010401004.0,MR FN 40-76 H 50%R/50%P 160 CM,1010100001.0,VISCOSE RAYON Staple Fibre 1.7D X 40 mm,0.5,0.5,KG,29000,0.1,16111.111111111111
3010402001.0,MR FN 40-76 H 30%R/70%P 152 CM (WKN),1010100001.0,VISCOSE RAYON Staple Fibre 1.7D X 40 mm,0.3,0.3,KG,29000,0.1,9666.666666666666
3010402002.0,MR FN 40-76 H 30%R/70%P 158 CM,1010100001.0,VISCOSE RAYON Staple Fibre 1.7D X 40 mm,0.3,0.3,KG,29000,0.1,9666.666666666666
3010402003.0,MR FN 40-76 H 30%R/70%P 160 CM,1010100001.0,VISCOSE RAYON Staple Fibre 1.7D X 40 mm,0.3,0.3,KG,29000,0.1,9666.666666666666
3010403001.0,MR FN 40-76 H 20%R/80%P 160 CM,1010100001.0,VISCOSE RAYON Staple Fibre 1.7D X 40 mm,0.2,0.2,KG,29000,0.1,6444.444444444444
3010403002.0,MR FN 40-76 H 20%R/80%P 156 CM,1010100001.0,VISCOSE RAYON Staple Fibre 1.7D X 40 mm,0.2,0.2,KG,29000,0.1,6444.444444444444
3010403003.0,MR FN 40-76 H 20%R/80%P 152 CM,1010100001.0,VISCOSE RAYON Staple Fibre 1.7D X 40 mm,0.2,0.2,KG,29000,0.1,6444.444444444444
3010404001.0,MR FN 40-76 H 100%R 165 CM,1010100001.0,VISCOSE RAYON Staple Fibre 1.7D X 40 mm,1.0,1.0,KG,29000,0.1,32222.222222222223
3010404002.0,MR FN 40-76 H 100%R 160 CM,1010100001.0,VISCOSE RAYON Staple Fibre 1.7D X 40 mm,1.0,1.0,KG,29000,0.1,32222.222222222223
3010404003.0,MR FN 40-76 H 100%R 147 CM,1010100001.0,VISCOSE RAYON Staple Fibre 1.7D X 40 mm,1.0,1.0,KG,29000,0.1,32222.222222222223
3011801001.0,MR FN 42-76 H 100%R 152 CM,1010100001.0,VISCOSE RAYON Staple Fibre 1.7D X 40 mm,1.0,1.0,KG,29000,0.1,32222.222222222223
3010603001.0,MR FN 45-76 H 20%R/80%P 147 CM IDM AW,1010100001.0,VISCOSE RAYON Staple Fibre 1.7D X 40 mm,0.2,0.2,KG,29000,0.1,6444.444444444444
3010603002.0,MR FN 45-76 H 20%R/80%P 152 CM,1010100001.0,VISCOSE RAYON Staple Fibre 1.7D X 40 mm,0.2,0.2,KG,29000,0.1,6444.444444444444
3010603003.0,MR FN 45-76 H 20%R/80%P 160 CM,1010100001.0,VISCOSE RAYON Staple Fibre 1.7D X 40 mm,0.2,0.2,KG,29000,0.1,6444.444444444444
3010501001.0,MR FN 45-25 D 70%R/20%P/10%BC 152 CM,1010100001.0,VISCOSE RAYON Staple Fibre 1.7D X 40 mm,0.7,0.7,KG,29000,0.1,22555.555555555555
3010502001.0,MR FN 45-25 D 50%R/50%P 152 CM,1010100001.0,VISCOSE RAYON Staple Fibre 1.7D X 40 mm,0.5,0.5,KG,29000,0.1,16111.111111111111
3010503001.0,MR FN 45-25 D 70%R/30%P 152 CM,1010100001.0,VISCOSE RAYON Staple Fibre 1.7D X 40 mm,0.7,0.7,KG,29000,0.1,22555.555555555555
3010503002.0,MR FN 45-25 D 70%R/30%P 158 CM,1010100001.0,VISCOSE RAYON Staple Fibre 1.7D X 40 mm,0.7,0.7,KG,29000,0.1,22555.555555555555
3010504001.0,MR FN 45-25 D 80%R/20%P 150 CM,1010100001.0,VISCOSE RAYON Staple Fibre 1.7D X 40 mm,0.8,0.8,KG,29000,0.1,25777.777777777777
3010601001.0,MR FN 45-76 H 30%R/70%P 152 CM,1010100001.0,VISCOSE RAYON Staple Fibre 1.7D X 40 mm,0.7,0.7,KG,29000,0.1,22555.555555555555
3010602001.0,MR FN 45-76 H 50%R/50%P 152 CM,1010100001.0,VISCOSE RAYON Staple Fibre 1.7D X 40 mm,0.5,0.5,KG,29000,0.1,16111.111111111111
3010602002.0,MR FN 45-76 H 50%R/50%P 160 CM,1010100001.0,VISCOSE RAYON Staple Fibre 1.7D X 40 mm,0.5,0.5,KG,29000,0.1,16111.111111111111
3010604001.0,MR FN 45-76 H 100%R 160 CM,1010100001.0,VISCOSE RAYON Staple Fibre 1.7D X 40 mm,1.0,1.0,KG,29000,0.1,32222.222222222223
3010701001.0,MR FN 50-76 H 50%R/50%P 152 CM,1010100001.0,VISCOSE RAYON Staple Fibre 1.7D X 40 mm,0.5,0.5,KG,29000,0.1,16111.111111111111
3010701002.0,MR FN 50-76 H 50%R/50%P 158 CM,1010100001.0,VISCOSE RAYON Staple Fibre 1.7D X 40 mm,0.5,0.5,KG,29000,0.1,16111.111111111111
3010701003.0,MR FN 50-76 H 50%R/50%P 160 CM,1010100001.0,VISCOSE RAYON Staple Fibre 1.7D X 40 mm,0.5,0.5,KG,29000,0.1,16111.111111111111
3010702001.0,MR FN 50-76 H 30%R/70%P 152 CM,1010100001.0,VISCOSE RAYON Staple Fibre 1.7D X 40 mm,0.3,0.3,KG,29000,0.1,9666.666666666666
3010801001.0,MR FN 53-25 D 50%R/40%P/10%ES 158 CM,1010100001.0,VISCOSE RAYON Staple Fibre 1.7D X 40 mm,0.5,0.5,KG,29000,0.1,16111.111111111111
3010901001.0,MR FN 65-25 D 50%R/42.5%P/7.5%ES 165 CM,1010100001.0,VISCOSE RAYON Staple Fibre 1.7D X 40 mm,0.5,0.5,KG,29000,0.1,16111.111111111111
3010901002.0,MR FN65-25D 50%R/42.5%P/7.5%ES 165CM NTB,1010100001.0,VISCOSE RAYON Staple Fibre 1.7D X 40 mm,0.5,0.5,KG,29000,0.1,16111.111111111111
3010901003.0,MR FN65-25D 50%R/42.5%P/7.5%ES 165CM NTR,1010100001.0,VISCOSE RAYON Staple Fibre 1.7D X 40 mm,0.5,0.5,KG,29000,0.1,16111.111111111111
3010901004.0,MR FN65-25D 50%R/42.5%P/7.5%ES 165CM LDG,1010100001.0,VISCOSE RAYON Staple Fibre 1.7D X 40 mm,0.5,0.5,KG,29000,0.1,16111.111111111111
3010901005.0,MR FN65-25D 50%R/42.5%P/7.5%ES 165CM LDB,1010100001.0,VISCOSE RAYON Staple Fibre 1.7D X 40 mm,0.5,0.5,KG,29000,0.1,16111.111111111111
3010901006.0,MR FN65-25D 50%R/42.5%P/7.5%ES 165CM LDR,1010100001.0,VISCOSE RAYON Staple Fibre 1.7D X 40 mm,0.5,0.5,KG,29000,0.1,16111.111111111111
3010901007.0,MR FN65-25D 50%R/42.5%P/7.5%ES 165CM LDY,1010100001.0,VISCOSE RAYON Staple Fibre 1.7D X 40 mm,0.5,0.5,KG,29000,0.1,16111.111111111111
3010901008.0,MR FN 65-25 D 50%R/42.5%P/7.5%ES 156 CM,1010100001.0,VISCOSE RAYON Staple Fibre 1.7D X 40 mm,0.5,0.5,KG,29000,0.1,16111.111111111111
3011001001.0,MR FN 70-10 H 50%R/42.5%P/7.5%ES 165 CM,1010100001.0,VISCOSE RAYON Staple Fibre 1.7D X 40 mm,0.5,0.5,KG,29000,0.1,16111.111111111111
3011001002.0,MR FN70-10H 50%R/42.5%P/7.5%ES 165CM LRB,1010100001.0,VISCOSE RAYON Staple Fibre 1.7D X 40 mm,0.5,0.5,KG,29000,0.1,16111.111111111111
3011001003.0,MR FN70-10H 50%R/42.5%P/7.5%ES 165CM LRG,1010100001.0,VISCOSE RAYON Staple Fibre 1.7D X 40 mm,0.5,0.5,KG,29000,0.1,16111.111111111111
3011001004.0,MR FN70-10H 50%R/42.5%P/7.5%ES 165CM LRR,1010100001.0,VISCOSE RAYON Staple Fibre 1.7D X 40 mm,0.5,0.5,KG,29000,0.1,16111.111111111111
3011701001.0,MR FN 70-6 H 70%R/30%P BL 165 CM,1010100001.0,VISCOSE RAYON Staple Fibre 1.7D X 40 mm,0.7,0.7,KG,29000,0.1,22555.555555555555
3011901001.0,MR FN 70-6 H 50%R/42.5P/7.5%ES WG 165 CM,1010100001.0,VISCOSE RAYON Staple Fibre 1.7D X 40 mm,0.5,0.5,KG,,,
3011101001.0,MR FN 70-25 D 50%R/42.5%P/7.5%ES 145 CM,1010100001.0,VISCOSE RAYON Staple Fibre 1.7D X 40 mm,0.5,0.5,KG,29000,0.1,16111.111111111111
3011101002.0,MR FN 70-25 D 50%R/42.5%P/7.5%ES 160 CM,1010100001.0,VISCOSE RAYON Staple Fibre 1.7D X 40 mm,0.5,0.5,KG,29000,0.1,16111.111111111111
3011101003.0,MR FN 70-25 D 50%R/42.5%P/7.5%ES 158 CM,1010100001.0,VISCOSE RAYON Staple Fibre 1.7D X 40 mm,0.5,0.5,KG,29000,0.1,16111.111111111111
3011102001.0,MR FN 70-25 D 10%R/90%P 160 CM,1010100001.0,VISCOSE RAYON Staple Fibre 1.7D X 40 mm,0.1,0.1,KG,29000,0.1,3222.222222222222
3011201001.0,MR FN 80-10 H 50%R/42.5%P/7.5%ES 160 CM,1010100001.0,VISCOSE RAYON Staple Fibre 1.7D X 40 mm,0.5,0.5,KG,29000,0.1,16111.111111111111
3011301001.0,MR FN 80-14 H 50%R/40%P/10%ES 145 CM,1010100001.0,VISCOSE RAYON Staple Fibre 1.7D X 40 mm,0.5,0.5,KG,29000,0.1,16111.111111111111
3011301002.0,MR FN 80-14 H 50%R/40%P/10%ES 160 CM,1010100001.0,VISCOSE RAYON Staple Fibre 1.7D X 40 mm,0.5,0.5,KG,29000,0.1,16111.111111111111
3011401001.0,MR FN 80-25 D 50%R/40%P/10%ES 165 CM,1010100001.0,VISCOSE RAYON Staple Fibre 1.7D X 40 mm,0.5,0.5,KG,29000,0.1,16111.111111111111
3011401002.0,MR FN 80-25 D 50%R/40%P/10%ES 165 CM MDB,1010100001.0,VISCOSE RAYON Staple Fibre 1.7D X 40 mm,0.5,0.5,KG,29000,0.1,16111.111111111111
3011401003.0,MR FN 80-25 D 50%R/40%P/10%ES 165 CM MDG,1010100001.0,VISCOSE RAYON Staple Fibre 1.7D X 40 mm,0.5,0.5,KG,29000,0.1,16111.111111111111
3011401004.0,MR FN 80-25 D 50%R/40%P/10%ES 165 CM MDR,1010100001.0,VISCOSE RAYON Staple Fibre 1.7D X 40 mm,0.5,0.5,KG,29000,0.1,16111.111111111111
3011401005.0,MR FN 80-25 D 50%R/40%P/10%ES 165 CM MDY,1010100001.0,VISCOSE RAYON Staple Fibre 1.7D X 40 mm,0.5,0.5,KG,29000,0.1,16111.111111111111
3011501001.0,MR FN 80-6 H 50%R/40%P/10%ES 145 CM,1010100001.0,VISCOSE RAYON Staple Fibre 1.7D X 40 mm,0.5,0.5,KG,29000,0.1,16111.111111111111
3011501002.0,MR FN 80-6 H 50%R/40%P/10%ES 160 CM,1010100001.0,VISCOSE RAYON Staple Fibre 1.7D X 40 mm,0.5,0.5,KG,29000,0.1,16111.111111111111
3011601001.0,MR FN 90-14 H 50%R/40%P/10%ES 165 CM,1010100001.0,VISCOSE RAYON Staple Fibre 1.7D X 40 mm,0.5,0.5,KG,29000,0.1,16111.111111111111
3011601002.0,MR FN 90-14 H 50%R/40%P/10%ES 165 CM HDB,1010100001.0,VISCOSE RAYON Staple Fibre 1.7D X 40 mm,0.5,0.5,KG,29000,0.1,16111.111111111111
3011601003.0,MR FN 90-14 H 50%R/40%P/10%ES 165 CM HDR,1010100001.0,VISCOSE RAYON Staple Fibre 1.7D X 40 mm,0.5,0.5,KG,29000,0.1,16111.111111111111
3011601004.0,MR FN 90-14 H 50%R/40%P/10%ES 165 CM HDY,1010100001.0,VISCOSE RAYON Staple Fibre 1.7D X 40 mm,0.5,0.5,KG,29000,0.1,16111.111111111111
3011601005.0,MR FN 90-14 H 50%R/40%P/10%ES 165 CM HDG,1010100001.0,VISCOSE RAYON Staple Fibre 1.7D X 40 mm,0.5,0.5,KG,29000,0.1,16111.111111111111
3011602001.0,MR FN 90-14 H 80%R/10%P/10%ES 165 CM HDB,1010100001.0,VISCOSE RAYON Staple Fibre 1.7D X 40 mm,0.8,0.8,KG,29000,0.1,25777.777777777777
3011602002.0,MR FN 90-14 H 80%R/10%P/10%ES 165 CM HDR,1010100001.0,VISCOSE RAYON Staple Fibre 1.7D X 40 mm,0.8,0.8,KG,29000,0.1,25777.777777777777
3011602003.0,MR FN 90-14 H 80%R/10%P/10%ES 165 CM HDY,1010100001.0,VISCOSE RAYON Staple Fibre 1.7D X 40 mm,0.8,0.8,KG,29000,0.1,25777.777777777777
3011602004.0,MR FN 90-14 H 80%R/10%P/10%ES 165 CM HDG,1010100001.0,VISCOSE RAYON Staple Fibre 1.7D X 40 mm,0.8,0.8,KG,29000,0.1,25777.777777777777
3011602005.0,MR FN 90-14 H 80%R/10%P/10%ES 165 CM,1010100001.0,VISCOSE RAYON Staple Fibre 1.7D X 40 mm,0.8,0.8,KG,29000,0.1,25777.777777777777
3019700001.0,MR GRADE C,1010100001.0,VISCOSE RAYON Staple Fibre 1.7D X 40 mm,0.5,0.5,KG,29000,0.1,16111.111111111111
3020101001.0,JR FN 35-25 D 65%P/15%ES/20%BC 21 CM MCD,3010101001.0,MR FN 35-25 D 65%P/15%ES/20%BC 158 CM,,1.0,KG,22753.333333333336,0.1,25281.48148148148
3020101002.0,JR FN 35-25 D 85%P/15%ES 21 CM MCD,3010102001.0,MR FN 35-25 D 85%P/15%ES 158 CM,,1.0,KG,20947.777777777777,0.1,23275.30864197531
3020201001.0,JR FN 40-25 D 95% P/5%ES 30 CM ANDALAN,3010301001.0,MR FN 40-25 D 95%P/5%ES 147 CM,,1.0,KG,20834.44444444444,0.1,23149.38271604938
3020202002.0,JR FN 40-25 D 50% R/50%P 30 CM ANDALAN,3010302001.0,MR FN 40-25 D 50%R/50%P 160 CM,,1.0,KG,26500,0.1,29444.444444444445
3020202001.0,JR FN 40-25 D 50% R/50%P 20 CM ANDALAN,3010302002.0,MR FN 40-25 D 50%R/50%P 152 CM,,1.0,KG,26500,0.1,29444.444444444445
3020202003.0,JR FN 40-25 D 50% R/50%P 13 CM,3010302002.0,MR FN 40-25 D 50%R/50%P 152 CM,,1.0,KG,26500,0.1,29444.444444444445
3020202004.0,JR FN 40-25 D 50% R/50%P 11 CM,3010302002.0,MR FN 40-25 D 50%R/50%P 152 CM,,1.0,KG,26500,0.1,29444.444444444445
3020301001.0,JR FN 40-76 H 30% R/70%P 37 CM (WETKINS),3010402003.0,MR FN 40-76 H 30%R/70%P 160 CM,,1.0,KG,24211.11111111111,0.1,26901.234567901232
3020301002.0,JR FN 40-76 H 30% R/70%P 14 CM WKN 1S,3010402001.0,MR FN 40-76 H 30%R/70%P 152 CM (WKN),,1.0,KG,24211.11111111111,0.1,26901.234567901232
3020301003.0,JR FN 40-76 H 30% R/70%P 15 CM,3010402001.0,MR FN 40-76 H 30%R/70%P 152 CM (WKN),,1.0,KG,24211.11111111111,0.1,26901.234567901232
3020301004.0,JR FN 40-76 H 30% R/70%P 16 CM,3010402001.0,MR FN 40-76 H 30%R/70%P 152 CM (WKN),,1.0,KG,24211.11111111111,0.1,26901.234567901232
3020301005.0,JR FN 40-76 H 30% R/70%P 27 CM,3010402002.0,MR FN 40-76 H 30%R/70%P 158 CM,,1.0,KG,24211.11111111111,0.1,26901.234567901232
3020301006.0,JR FN 40-76 H 30% R/70%P 28 CM,3010402001.0,MR FN 40-76 H 30%R/70%P 152 CM (WKN),,1.0,KG,24211.11111111111,0.1,26901.234567901232
3020301007.0,JR FN 40-76 H 30% R/70%P 20 CM,3010402001.0,MR FN 40-76 H 30%R/70%P 152 CM (WKN),,1.0,KG,24211.11111111111,0.1,26901.234567901232
3020302002.0,JR FN 40-76 H 50% R/50%P 20 CM,3010401001.0,MR FN 40-76 H 50%R/50%P 152 CM,,1.0,KG,26500,0.1,29444.444444444445
3020302003.0,JR FN 40-76 H 50% R/50%P 25 CM,3010401001.0,MR FN 40-76 H 50%R/50%P 152 CM,,1.0,KG,26500,0.1,29444.444444444445
3020302004.0,JR FN 40-76 H 50% R/50%P 30 CM,3010401003.0,MR FN 40-76 H 50%R/50%P 158 CM,,1.0,KG,26500,0.1,29444.444444444445
3020302005.0,JR FN 40-76 H 50% R/50%P 40 CM,3010401001.0,MR FN 40-76 H 50%R/50%P 152 CM,,1.0,KG,26500,0.1,29444.444444444445
3020302006.0,JR FN 40-76 H 50% R/50%P 120 CM MSD,3010401001.0,MR FN 40-76 H 50%R/50%P 152 CM,,1.0,KG,26500,0.1,29444.444444444445
3020302007.0,JR FN 40-76 H 50% R/50%P 100 CM MULIA AR,3010401001.0,MR FN 40-76 H 50%R/50%P 152 CM,,1.0,KG,26500,0.1,29444.444444444445
3020302008.0,JR FN 40-76 H 50% R/50%P 27 CM,3010401003.0,MR FN 40-76 H 50%R/50%P 158 CM,,1.0,KG,26500,0.1,29444.444444444445
3020302009.0,JR FN 40-76 H 50% R/50%P 37 CM,3010401004.0,MR FN 40-76 H 50%R/50%P 160 CM,,1.0,KG,26500,0.1,29444.444444444445
3020302010.0,"JR FN 40-76 H 50% R/50%P 12,5 CM",3020302003.0,JR FN 40-76 H 50% R/50%P 25 CM,,1.0,KG,29444.444444444445,0.1,32716.04938271605
3020303001.0,JR FN 40-76 H 20% R/80%P 37 CM,3010403001.0,MR FN 40-76 H 20%R/80%P 160 CM,,1.0,KG,23066.666666666668,0.1,25629.62962962963
3020303002.0,JR FN 40-76 H 20% R/80%P 36 CM,3010403002.0,MR FN 40-76 H 20%R/80%P 156 CM,,1.0,KG,0,0.1,0.0
3020303003.0,JR FN 40-76 H 20% R/80%P 18 CM,3010403002.0,MR FN 40-76 H 20%R/80%P 156 CM,,1.0,KG,0,0.1,0.0
3020303004.0,JR FN 40-76 H 20% R/80%P 20 CM,3010403003.0,MR FN 40-76 H 20%R/80%P 152 CM,,1.0,KG,0,0.1,0.0
3020303005.0,JR FN 40-76 H 20% R/80%P 26 CM,3010403003.0,MR FN 40-76 H 20%R/80%P 152 CM,,1.0,KG,0,0.1,0.0
3020304001.0,JR FN 40-76 H 100% R 21 CM,3010404002.0,MR FN 40-76 H 100%R 160 CM,,1.0,KG,0,0.1,0.0
3020304002.0,JR FN 40-76 H 100% R 45 CM,3010404003.0,MR FN 40-76 H 100%R 147 CM,,1.0,KG,0,0.1,0.0
3021801001.0,JR FN 42-76 H 100% R 20 CM,3011801001.0,MR FN 42-76 H 100%R 152 CM,,1.0,KG,0,0.1,0.0
3020401001.0,JR FN 45-25 D 70% R/20% P/10 BC 20 CM VF,3010501001.0,MR FN 45-25 D 70%R/20%P/10%BC 152 CM,,1.0,KG,28902.22222222222,0.1,32113.580246913574
3020402001.0,JR FN 45-25 D 50% R/50%P 10 CM KS 5X4,3010502001.0,MR FN 45-25 D 50%R/50%P 152 CM,,1.0,KG,26500,0.1,29444.444444444445
3020402002.0,JR FN 45-25D 50% R/50%P 15.5 CM 7.5X7.5,3010502001.0,MR FN 45-25 D 50%R/50%P 152 CM,,1.0,KG,26500,0.1,29444.444444444445
3020403001.0,JR FN 45-25D 70% R/30%P 20 CM VF,3010503001.0,MR FN 45-25 D 70%R/30%P 152 CM,,1.0,KG,28788.888888888887,0.1,31987.65432098765
3020403002.0,JR FN 45-25D 70% R/30%P 10 CM KS 5X4,3010503002.0,MR FN 45-25 D 70%R/30%P 158 CM,,1.0,KG,28788.888888888887,0.1,31987.65432098765
3020403003.0,JR FN 45-25D 70% R/30%P 15.5 CM 7.5X7.5,3010503001.0,MR FN 45-25 D 70%R/30%P 152 CM,,1.0,KG,28788.888888888887,0.1,31987.65432098765
3020501001.0,JR FN 45-76 H 20% R/80%P 30 CM ( WET ),3010603003.0,MR FN 45-76 H 20%R/80%P 160 CM,,1.0,KG,23066.666666666668,0.1,25629.62962962963
3020501002.0,JR FN 45-76 H 20% R/80%P 20 CM,3010603002.0,MR FN 45-76 H 20%R/80%P 152 CM,,1.0,KG,23066.666666666668,0.1,25629.62962962963
3020502001.0,JR FN 45-76 H 30% R/70%P 10 CM,3010601001.0,MR FN 45-76 H 30%R/70%P 152 CM,,1.0,KG,28788.888888888887,0.1,31987.65432098765
3020502002.0,JR FN 45-76 H 30% R/70%P 20 CM,3010601001.0,MR FN 45-76 H 30%R/70%P 152 CM,,1.0,KG,28788.888888888887,0.1,31987.65432098765
3020502003.0,JR FN 45-76 H 30% R/70%P 40 CM,3010601001.0,MR FN 45-76 H 30%R/70%P 152 CM,,1.0,KG,28788.888888888887,0.1,31987.65432098765
3020502004.0,JR FN 45-76 H 30% R/70%P 27 CM,3010601001.0,MR FN 45-76 H 30%R/70%P 152 CM,,1.0,KG,28788.888888888887,0.1,31987.65432098765
3020503001.0,JR FN 45-76 H 50% R/50%P 14 CM WKN 1S,3010602001.0,MR FN 45-76 H 50%R/50%P 152 CM,,1.0,KG,26500,0.1,29444.444444444445
3020503002.0,JR FN 45-76 H 50% R/50%P 15 CM,3010602002.0,MR FN 45-76 H 50%R/50%P 160 CM,,1.0,KG,26500,0.1,29444.444444444445
3020503003.0,JR FN 45-76 H 50% R/50%P 18 CM WET,3010602001.0,MR FN 45-76 H 50%R/50%P 152 CM,,1.0,KG,26500,0.1,29444.444444444445
3020503004.0,JR FN 45-76 H 50% R/50%P 20 CM AW,3010602001.0,MR FN 45-76 H 50%R/50%P 152 CM,,1.0,KG,26500,0.1,29444.444444444445
3020503005.0,JR FN 45-76 H 50% R/50%P 20 CM,3010602001.0,MR FN 45-76 H 50%R/50%P 152 CM,,1.0,KG,26500,0.1,29444.444444444445
3020503006.0,JR FN 45-76 H 50% R/50%P 27 CM,3010602001.0,MR FN 45-76 H 50%R/50%P 152 CM,,1.0,KG,26500,0.1,29444.444444444445
3020503007.0,JR FN 45-76 H 50% R/50%P 30 CM IDM AW,3010602001.0,MR FN 45-76 H 50%R/50%P 152 CM,,1.0,KG,26500,0.1,29444.444444444445
3020503008.0,JR FN 45-76 H 50% R/50%P 30 CM,3010701003.0,MR FN 50-76 H 50%R/50%P 160 CM,,1.0,KG,26500,0.1,29444.444444444445
3020503009.0,JR FN 45-76 H 50% R/50%P 37 CM,3010602001.0,MR FN 45-76 H 50%R/50%P 152 CM,,1.0,KG,26500,0.1,29444.444444444445
3020503010.0,JR FN 45-76 H 50% R/50%P 40 CM,3010602001.0,MR FN 45-76 H 50%R/50%P 152 CM,,1.0,KG,26500,0.1,29444.444444444445
3020504001.0,JR FN 45-76 H 100% R 30 CM,3010604001.0,MR FN 45-76 H 100%R 160 CM,,1.0,KG,58722.22222222222,0.1,65246.91358024691
3020601001.0,JR FN 50-76 H 50% R/50%P 10 CM SANSFLUO,3010701002.0,MR FN 50-76 H 50%R/50%P 158 CM,,1.0,KG,26500,0.1,29444.444444444445
3020601002.0,JR FN 50-76 H 50% R/50%P 13 CM,3010701002.0,MR FN 50-76 H 50%R/50%P 158 CM,,1.0,KG,26500,0.1,29444.444444444445
3020601003.0,JR FN 50-76 H 50% R/50%P 15 CM,3010701001.0,MR FN 50-76 H 50%R/50%P 152 CM,,1.0,KG,26500,0.1,29444.444444444445
3020601004.0,JR FN 50-76 H 50% R/50%P 20 CM,3010701001.0,MR FN 50-76 H 50%R/50%P 152 CM,,1.0,KG,26500,0.1,29444.444444444445
3020601005.0,JR FN 50-76 H 50% R/50%P 30 CM,3010701001.0,MR FN 50-76 H 50%R/50%P 152 CM,,1.0,KG,26500,0.1,29444.444444444445
3020601006.0,JR FN 50-76 H 50% R/50%P 40 CM,3010701001.0,MR FN 50-76 H 50%R/50%P 152 CM,,1.0,KG,26500,0.1,29444.444444444445
3020601007.0,JR FN 50-76 H 50% R/50%P 6 CM HOSPI,3010701001.0,MR FN 50-76 H 50%R/50%P 152 CM,,1.0,KG,26500,0.1,29444.444444444445
3020601008.0,JR FN 50-76 H 50% R/50%P 9 CM T&G,3010701001.0,MR FN 50-76 H 50%R/50%P 152 CM,,1.0,KG,26500,0.1,29444.444444444445
3020602001.0,JR FN 50-76 H 30% R/70%P 20 CM,3010702001.0,MR FN 50-76 H 30%R/70%P 152 CM,,1.0,KG,0,0.1,0.0
3020602002.0,JR FN 50-76 H 30% R/70%P 40 CM,3010702001.0,MR FN 50-76 H 30%R/70%P 152 CM,,1.0,KG,0,0.1,0.0
3020701001.0,JR FN 53-25 D 50%R/40%P/10%ES 15 CM,3010801001.0,MR FN 53-25 D 50%R/40%P/10%ES 158 CM,,1.0,KG,26613.333333333332,0.1,29570.37037037037
3020701002.0,JR FN 53-25 D 50%R/40%P/10%ES 20 CM,3010801001.0,MR FN 53-25 D 50%R/40%P/10%ES 158 CM,,1.0,KG,26613.333333333332,0.1,29570.37037037037
3020701003.0,JR FN 53-25 D 50%R/40%P/10%ES 21CM MCW,3010801001.0,MR FN 53-25 D 50%R/40%P/10%ES 158 CM,,1.0,KG,26613.333333333332,0.1,29570.37037037037
3020701004.0,JR FN 53-25 D 50%R/40%P/10%ES 24CM MCW,3010801001.0,MR FN 53-25 D 50%R/40%P/10%ES 158 CM,,1.0,KG,26613.333333333332,0.1,29570.37037037037
3020701005.0,JR FN 53-25 D 50%R/40%P/10%ES 26CM MCW,3010801001.0,MR FN 53-25 D 50%R/40%P/10%ES 158 CM,,1.0,KG,26613.333333333332,0.1,29570.37037037037
3020801001.0,JR FN 65-25 D 50%R/42.5%P/7.5%ES 24CMSTL,3010901008.0,MR FN 65-25 D 50%R/42.5%P/7.5%ES 156 CM,,1.0,KG,26584.999999999996,0.1,29538.888888888883
3020801002.0,JR FN 65-25 D 50%R/42.5%P/7.5%ES 25CMFCT,3010901001.0,MR FN 65-25 D 50%R/42.5%P/7.5%ES 165 CM,,1.0,KG,26584.999999999996,0.1,29538.888888888883
3020801003.0,JR FN 65-25 D 50%R/42.5%P/7.5%ES 30CMNTB,3010901002.0,MR FN65-25D 50%R/42.5%P/7.5%ES 165CM NTB,,1.0,KG,27464.044117647052,0.1,30515.60457516339
3020801004.0,JR FN 65-25 D 50%R/42.5%P/7.5%ES 30CMNTR,3010901003.0,MR FN65-25D 50%R/42.5%P/7.5%ES 165CM NTR,,1.0,KG,29759.06517094017,0.1,33065.6279677113
3020801005.0,JR FN 65-25 D 50%R/42.5%P/7.5%ES 30CMLDB,3010901005.0,MR FN65-25D 50%R/42.5%P/7.5%ES 165CM LDB,,1.0,KG,28149.286858974356,0.1,31276.985398860394
3020801006.0,JR FN 65-25 D 50%R/42.5%P/7.5%ES 30CMLDG,3010901004.0,MR FN65-25D 50%R/42.5%P/7.5%ES 165CM LDG,,1.0,KG,28330.284455128203,0.1,31478.093839031335
3020801007.0,JR FN 65-25 D 50%R/42.5%P/7.5%ES 30CMLDR,3010901006.0,MR FN65-25D 50%R/42.5%P/7.5%ES 165CM LDR,,1.0,KG,28530.846688034184,0.1,31700.940764482424
3020801008.0,JR FN 65-25 D 50%R/42.5%P/7.5%ES 30CMLDY,3010901007.0,MR FN65-25D 50%R/42.5%P/7.5%ES 165CM LDY,,1.0,KG,26863.2014046003,0.1,29848.001560667
3020801009.0,JR FN 65-25 D 50%R/42.5%P/7.5%ES 20 CM,3010901001.0,MR FN 65-25 D 50%R/42.5%P/7.5%ES 165 CM,,1.0,KG,26584.999999999996,0.1,29538.888888888883
3020801010.0,JR FN 65-25 D 50%R/42.5%P/7.5%ES 30 CM,3010901001.0,MR FN 65-25 D 50%R/42.5%P/7.5%ES 165 CM,,1.0,KG,26584.999999999996,0.1,29538.888888888883
3020801011.0,JR FN 65-25 D 50%R/42.5%P/7.5%ES 15 CM,3010901001.0,MR FN 65-25 D 50%R/42.5%P/7.5%ES 165 CM,,1.0,KG,26584.999999999996,0.1,29538.888888888883
3020901001.0,JR FN 70-25 D 50%R/42.5%P/7.5%ES 15 CM,3011101002.0,MR FN 70-25 D 50%R/42.5%P/7.5%ES 160 CM,,1.0,KG,26584.999999999996,0.1,29538.888888888883
3020901002.0,JR FN 70-25 D 50%R/42.5%P/7.5%ES 25 CM,3011101002.0,MR FN 70-25 D 50%R/42.5%P/7.5%ES 160 CM,,1.0,KG,26584.999999999996,0.1,29538.888888888883
3020901003.0,JR FN 70-25 D 50%R/42.5%P/7.5%ES 75 CM,3011101001.0,MR FN 70-25 D 50%R/42.5%P/7.5%ES 145 CM,,1.0,KG,26584.999999999996,0.1,29538.888888888883
3020901004.0,JR FN 70-25 D 50%R/42.5%P/7.5%ES 21 CM,3011101003.0,MR FN 70-25 D 50%R/42.5%P/7.5%ES 158 CM,,1.0,KG,0,0.1,0.0
3021001001.0,JR FN 80-6 H 50%R/40%P/10%ES 15 CM,3011501002.0,MR FN 80-6 H 50%R/40%P/10%ES 160 CM,,1.0,KG,16111.111111111111,0.1,17901.234567901236
3021101001.0,JR FN 80-10 H 50%R/42.5%P/7.5%ES 15 CM,3011201001.0,MR FN 80-10 H 50%R/42.5%P/7.5%ES 160 CM,,1.0,KG,26584.999999999996,0.1,29538.888888888883
3021201001.0,JR FN 80-14 H 50%R/40%P/10%ES 15 CM,3011301002.0,MR FN 80-14 H 50%R/40%P/10%ES 160 CM,,1.0,KG,26613.333333333332,0.1,29570.37037037037
3021201002.0,JR FN 80-14 H 50%R/40%P/10%ES 30 CM,3011301001.0,MR FN 80-14 H 50%R/40%P/10%ES 145 CM,,1.0,KG,26613.333333333332,0.1,29570.37037037037
3021301001.0,JR FN 80-25 D 50%R/40%P/10%ES 30 CM MDB,3011401002.0,MR FN 80-25 D 50%R/40%P/10%ES 165 CM MDB,,1.0,KG,27629.396829044115,0.1,30699.329810049017
3021301002.0,JR FN 80-25 D 50%R/40%P/10%ES 30 CM MDG,3011401003.0,MR FN 80-25 D 50%R/40%P/10%ES 165 CM MDG,,1.0,KG,29999.244025735294,0.1,33332.4933619281
3021301003.0,JR FN 80-25 D 50%R/40%P/10%ES 30 CM MDR,3011401004.0,MR FN 80-25 D 50%R/40%P/10%ES 165 CM MDR,,1.0,KG,27902.941559436273,0.1,31003.268399373635
3021301004.0,JR FN 80-25 D 50%R/40%P/10%ES 30 CM MDY,3011401005.0,MR FN 80-25 D 50%R/40%P/10%ES 165 CM MDY,,1.0,KG,27008.41610498366,0.1,30009.35122775962
3021301005.0,JR FN 80-25 D 50%R/40%P/10%ES 15 CM,3011401001.0,MR FN 80-25 D 50%R/40%P/10%ES 165 CM,,1.0,KG,26613.333333333332,0.1,29570.37037037037
3021301006.0,JR FN 80-25 D 50%R/40%P/10%ES 25 CM,3011401001.0,MR FN 80-25 D 50%R/40%P/10%ES 165 CM,,1.0,KG,26613.333333333332,0.1,29570.37037037037
3021301007.0,JR FN 80-25 D 50%R/40%P/10%ES 30 CM,3011401001.0,MR FN 80-25 D 50%R/40%P/10%ES 165 CM,,1.0,KG,26613.333333333332,0.1,29570.37037037037
3021401001.0,JR FN 90-14 H 50%R/40%P/10%ES 30 CM HDB,3011601002.0,MR FN 90-14 H 50%R/40%P/10%ES 165 CM HDB,,1.0,KG,27019.931169332212,0.1,30022.14574370246
3021401002.0,JR FN 90-14 H 50%R/40%P/10%ES 30 CM HDG,3011601005.0,MR FN 90-14 H 50%R/40%P/10%ES 165 CM HDG,,1.0,KG,27111.959788860833,0.1,30124.399765400925
3021401003.0,JR FN 90-14 H 50%R/40%P/10%ES 30 CM HDR,3011601003.0,MR FN 90-14 H 50%R/40%P/10%ES 165 CM HDR,,1.0,KG,27120.13880120651,0.1,30133.48755689612
3021401004.0,JR FN 90-14 H 50%R/40%P/10%ES 30 CM HDY,3011601004.0,MR FN 90-14 H 50%R/40%P/10%ES 165 CM HDY,,1.0,KG,26930.42743406285,0.1,29922.697148958723
3021402001.0,JR FN 90-14 H 80%R/10%P/10%ES 30 CM HDB,3011602001.0,MR FN 90-14 H 80%R/10%P/10%ES 165 CM HDB,,1.0,KG,30453.264502665545,0.1,33836.96055851727
3021402002.0,JR FN 90-14 H 80%R/10%P/10%ES 30 CM HDG,3011602004.0,MR FN 90-14 H 80%R/10%P/10%ES 165 CM HDG,,1.0,KG,30545.293122194165,0.1,33939.21458021574
3021402003.0,JR FN 90-14 H 80%R/10%P/10%ES 30 CM HDR,3011602002.0,MR FN 90-14 H 80%R/10%P/10%ES 165 CM HDR,,1.0,KG,30553.472134539843,0.1,33948.30237171094
3021402004.0,JR FN 90-14 H 80%R/10%P/10%ES 30 CM HDY,3011602003.0,MR FN 90-14 H 80%R/10%P/10%ES 165 CM HDY,,1.0,KG,30363.760767396183,0.1,33737.51196377353
3021402005.0,JR FN 90-14 H 80%R/10%P/10%ES 30 CM,3011602005.0,MR FN 90-14 H 80%R/10%P/10%ES 165 CM,,1.0,KG,30046.666666666664,0.1,33385.18518518518
3021402006.0,JR FN 90-14 H 80%R/10%P/10%ES 37.5CM HDR,3011602002.0,MR FN 90-14 H 80%R/10%P/10%ES 165 CM HDR,,1.0,KG,30553.472134539843,0.1,33948.30237171094
3021402007.0,JR FN 90-14 H 80%R/10%P/10%ES 37.5 CM HDY,3011602003.0,MR FN 90-14 H 80%R/10%P/10%ES 165 CM HDY,,1.0,KG,30363.760767396183,0.1,33737.51196377353
3021402008.0,JR FN 90-14 H 80%R/10%P/10%ES 37.5CM HDB,3011602001.0,MR FN 90-14 H 80%R/10%P/10%ES 165 CM HDB,,1.0,KG,30453.264502665545,0.1,33836.96055851727
3021501001.0,JR FN 35-76 H 100% P 138 CM (DWA),3010201001.0,MR FN 35-76 H 100%P 150 CM (DWA 138 CM),,1.0,KG,20777.777777777777,0.1,23086.41975308642
3021501002.0,JR FN 35-76 H 100% P 147 CM (DWA),3010201002.0,MR FN 35-76 H 100%P 165 CM (DWA 147 CM),,1.0,KG,20777.777777777777,0.1,23086.41975308642
3021501003.0,JR FN 35-76 H 100% P 150 CM (DWA),3010201002.0,MR FN 35-76 H 100%P 165 CM (DWA 147 CM),,1.0,KG,20777.777777777777,0.1,23086.41975308642
3021600001.0,JR SFBR 50-60 3 CM (ALCOHOL SWAB),1020000001.0,JR SFBR 50-60 90 CM,,1.0,KG,0,0.05,0.0
3021700001.0,JR MELT BLOW 25GSM 16.5 CM,1040200001.0,MELT BLOW 25GSMX1600MM,,1.0,KG,37620,0.1,41800.0
3021700002.0,JR MELT BLOW 25GSM 17 CM,1040200001.0,MELT BLOW 25GSMX1600MM,,1.0,KG,37620,0.1,41800.0
3029800001.0,JR WASTE SLITTING,,,,,,,,
3030100001.0,JR SPUNBOND MASKER ABU 15 CM,1040100002.0,SPUNBOND MASKER 25GSMX1850MM ABU,,1.0,KG,38016.492,0.1,42240.54666666666
3030100002.0,JR SPUNBOND MASKER ABU 16.5 CM,1040100002.0,SPUNBOND MASKER 25GSMX1850MM ABU,,1.0,KG,38016.492,0.1,42240.54666666666
3030200001.0,JR SPUNBOND MASKER BIRU 15 CM,1040100001.0,SPUNBOND MASKER 25GSMX1850MM BIRU,,1.0,KG,38016.492,0.1,42240.54666666666
3030200002.0,JR SPUNBOND MASKER BIRU 16.5 CM,1040100001.0,SPUNBOND MASKER 25GSMX1850MM BIRU,,1.0,KG,38016.492,0.1,42240.54666666666
3030300001.0,JR SPUNBOND MASKER HITAM 15 CM,1040100003.0,SPUNBOND MASKER 25GSMX1850MM HITAM,,1.0,KG,38016.492,0.1,42240.54666666666
3030300002.0,JR SPUNBOND MASKER HITAM 16.5 CM,1040100003.0,SPUNBOND MASKER 25GSMX1850MM HITAM,,1.0,KG,38016.492,0.1,42240.54666666666
3030400001.0,JR SPUNBOND MASKER ORANGE 15 CM,1040100004.0,SPUNBOND MASKER 25GSMX1850MM ORANGE,,1.0,KG,38016.492,0.1,42240.54666666666
3030400002.0,JR SPUNBOND MASKER ORANGE 16.5 CM,1040100004.0,SPUNBOND MASKER 25GSMX1850MM ORANGE,,1.0,KG,38016.492,0.1,42240.54666666666
3030500001.0,JR SPUNBOND MASKER PINK 15 CM,1040100005.0,SPUNBOND MASKER 25GSMX1850MM PINK,,1.0,KG,38016.492,0.1,42240.54666666666
3030500002.0,JR SPUNBOND MASKER PINK 16.5 CM,1040100005.0,SPUNBOND MASKER 25GSMX1850MM PINK,,1.0,KG,38016.492,0.1,42240.54666666666
3030600001.0,JR SPUNBOND MASKER PUTIH 15 CM,1040100006.0,SPUNBOND MASKER 25GSMX1850MMPUTIH,,1.0,KG,38016.492,0.1,42240.54666666666
3030600002.0,JR SPUNBOND MASKER PUTIH 16.5 CM,1040100006.0,SPUNBOND MASKER 25GSMX1850MMPUTIH,,1.0,KG,38016.492,0.1,42240.54666666666
3030600003.0,JR SPUNBOND MASKER PUTIH 18.5 CM,1040100006.0,SPUNBOND MASKER 25GSMX1850MMPUTIH,,1.0,KG,38016.492,0.1,42240.54666666666
3030600004.0,JR SPUNBOND MASKER PUTIH 19 CM,1040100006.0,SPUNBOND MASKER 25GSMX1850MMPUTIH,,1.0,KG,38016.492,0.1,42240.54666666666
4010101001.0,WETKINS BLUE 5S @384,,,,,,,,
4010101002.0,WETKINS BABY BLUE 5S @384,3020301006.0,JR FN 40-76 H 30% R/70%P 28 CM,,1.344,KG,26901.234567901232,0.05,38058.16764132553
4010102001.0,WETKINS BABY BLUE 10S @108,3020301005.0,JR FN 40-76 H 30% R/70%P 27 CM,,1.07892,KG,26901.234567901232,0.05,30551.873684210528
4010102002.0,WETKINS BABY BLUE 10S BND @54X2,3020301005.0,JR FN 40-76 H 30% R/70%P 27 CM,,1.07892,KG,26901.234567901232,0.05,30551.873684210528
4010103001.0,WETKINS BABY BLUE 24S @54,3020301005.0,JR FN 40-76 H 30% R/70%P 27 CM,,1.294704,KG,26901.234567901232,0.05,36662.24842105263
4010103002.0,WETKINS BABY BLUE 24S BND @27X2,3020301005.0,JR FN 40-76 H 30% R/70%P 27 CM,,1.294704,KG,26901.234567901232,0.05,36662.24842105263
4010103003.0,WETKINS BABY BLUE 24S @6,3020301005.0,JR FN 40-76 H 30% R/70%P 27 CM,,0.14385599999999998,KG,26901.234567901232,0.05,4073.583157894736
4010104001.0,WETKINS BABY BLUE 50S @24,3020303002.0,JR FN 40-76 H 20% R/80%P 36 CM,,1.1231999999999998,KG,0,0.05,0.0
4010104002.0,WETKINS BABY BLUE 50S BND @12X2,3020303002.0,JR FN 40-76 H 20% R/80%P 36 CM,,1.1231999999999998,KG,0,0.05,0.0
4010104008.0,WETKINS BABY BLUE 50S BND OL @18X2,3020303002.0,JR FN 40-76 H 20% R/80%P 36 CM,,1.6847999999999999,KG,0,0.05,0.0
4010104003.0,WETKINS BABY BLUE 50S FT @24,3020303002.0,JR FN 40-76 H 20% R/80%P 36 CM,,1.1231999999999998,KG,0,0.05,0.0
4010104004.0,WETKINS BABY BLUE 50S FT @14,3020303002.0,JR FN 40-76 H 20% R/80%P 36 CM,,0.6551999999999999,KG,0,0.05,0.0
4010104005.0,WETKINS BABY BLUE 50S @6,3020303002.0,JR FN 40-76 H 20% R/80%P 36 CM,,0.28079999999999994,KG,0,0.05,0.0
4010104007.0,WETKINS BABY BLUE 50S FT @16,,,,,,,,
4010104009.0,WETKINS BABY BLUE 50S @36,3020303002.0,JR FN 40-76 H 20% R/80%P 36 CM,,1.6847999999999999,KG,0,0.05,0.0
4010104010.0,WETKINS BABY BLUE 50S BND @16X2,3020303002.0,JR FN 40-76 H 20% R/80%P 36 CM,,1.4975999999999998,KG,0,0.05,0.0
4010104011.0,WETKINS BABY BLUE 50S @32,3020303002.0,JR FN 40-76 H 20% R/80%P 36 CM,,1.4975999999999998,KG,0,0.05,0.0
4010104006.0,WETKINS BABY BLUE 80S FT @18,3020303002.0,JR FN 40-76 H 20% R/80%P 36 CM,,0.7487999999999999,KG,0,0.05,0.0
4010105001.0,WETKINS BABY PINK 5S @384,3020301006.0,JR FN 40-76 H 30% R/70%P 28 CM,,1.344,KG,26901.234567901232,0.05,38058.16764132553
4010105002.0,WETKINS BABY PINK 5S FG @384,3020301006.0,JR FN 40-76 H 30% R/70%P 28 CM,,1.33,KG,26901.234567901232,0.05,37661.72839506173
4010106001.0,WETKINS BABY PINK 10S @108,3020301005.0,JR FN 40-76 H 30% R/70%P 27 CM,,,KG,26901.234567901232,0.05,
4010106002.0,WETKINS BABY PINK 10S BND @54X2,3020301005.0,JR FN 40-76 H 30% R/70%P 27 CM,,1.07892,KG,26901.234567901232,0.05,30551.873684210528
4010107001.0,WETKINS BABY PINK 24S @54,3020301005.0,JR FN 40-76 H 30% R/70%P 27 CM,,1.294704,KG,26901.234567901232,0.05,36662.24842105263
4010107004.0,WETKINS BABY PINK 24S @6,3020301005.0,JR FN 40-76 H 30% R/70%P 27 CM,,0.14385599999999998,KG,26901.234567901232,0.05,4073.583157894736
4010107002.0,WETKINS BABY PINK 24S FG @54,3020301005.0,JR FN 40-76 H 30% R/70%P 27 CM,,1.294704,KG,26901.234567901232,0.05,36662.24842105263
4010107005.0,WETKINS BABY PINK 24S FG MLN @54,,,,,,,,
4010107003.0,WETKINS BABY PINK 24S BND @27X2,3020301005.0,JR FN 40-76 H 30% R/70%P 27 CM,,1.294704,KG,26901.234567901232,0.05,36662.24842105263
4010108001.0,WETKINS BABY PINK 50S @24,3020303002.0,JR FN 40-76 H 20% R/80%P 36 CM,,1.1231999999999998,KG,0,0.05,0.0
4010108005.0,WETKINS BABY PINK 50S @6,3020301001.0,JR FN 40-76 H 30% R/70%P 37 CM (WETKINS),,0.28079999999999994,KG,26901.234567901232,0.05,7951.438596491225
4010108002.0,WETKINS BABY PINK 50S BND @12X2,3020303002.0,JR FN 40-76 H 20% R/80%P 36 CM,,1.1231999999999998,KG,0,0.05,0.0
4010108007.0,WETKINS BABY PINK 50S BND MCT @12X2,3020303002.0,JR FN 40-76 H 20% R/80%P 36 CM,,1.1231999999999998,KG,0,0.05,0.0
4010108008.0,WETKINS BABY PINK 50S BND MCT OL @18X2,3020303002.0,JR FN 40-76 H 20% R/80%P 36 CM,,1.6847999999999999,KG,0,0.05,0.0
4010108009.0,WETKINS BABY PINK 50S MCT @36,3020303002.0,JR FN 40-76 H 20% R/80%P 36 CM,,1.6847999999999999,KG,0,0.05,0.0
4010108010.0,WETKINS BABY PINK 50S MCT @24,3020303002.0,JR FN 40-76 H 20% R/80%P 36 CM,,1.1231999999999998,KG,0,0.05,0.0
4010108011.0,WETKINS BABY PINK 50S BND MCT @16X2,3020303002.0,JR FN 40-76 H 20% R/80%P 36 CM,,1.4975999999999998,KG,0,0.05,0.0
4010108012.0,WETKINS BABY PINK 50S REG @32,3020303002.0,JR FN 40-76 H 20% R/80%P 36 CM,,1.4975999999999998,KG,0,0.05,0.0
4010108003.0,WETKINS BABY PINK 50S FT @24,3020303002.0,JR FN 40-76 H 20% R/80%P 36 CM,,1.1231999999999998,KG,0,0.05,0.0
4010108004.0,WETKINS BABY PINK 50S FT @14,3020303002.0,JR FN 40-76 H 20% R/80%P 36 CM,,0.6551999999999999,KG,0,0.05,0.0
4010108006.0,WETKINS BABY PINK 50S FT @16,3020303002.0,JR FN 40-76 H 20% R/80%P 36 CM,,0.7487999999999999,KG,0,0.05,0.0
4010109001.0,WETKINS BABY PINK 80S FT @18,3020303002.0,JR FN 40-76 H 20% R/80%P 36 CM,,1.3478400000000001,KG,0,0.05,0.0
4010109002.0,WETKINS BABY PINK 80S FT @24,3020303002.0,JR FN 40-76 H 20% R/80%P 36 CM,,1.79712,KG,0,0.05,0.0
4010110001.0,WETKINS BABY PINK 100S @18,3020303002.0,JR FN 40-76 H 20% R/80%P 36 CM,,1.6847999999999999,KG,0,0.05,0.0
4010110005.0,WETKINS BABY PINK 100S @24,3020303002.0,JR FN 40-76 H 20% R/80%P 36 CM,,2.2463999999999995,KG,0,0.05,0.0
4010110002.0,WETKINS BABY PINK 100S FT @24,3020303002.0,JR FN 40-76 H 20% R/80%P 36 CM,,2.2463999999999995,KG,0,0.05,0.0
4010110003.0,WETKINS BABY PINK 100S FT FG @18,3020303002.0,JR FN 40-76 H 20% R/80%P 36 CM,,1.6847999999999999,KG,0,0.05,0.0
4010110004.0,WETKINS BABY PINK 100S FT FG MLN @18,,,,,,,,
4010110006.0,WETKINS BABY PINK 100S @16,3020302010.0,"JR FN 40-76 H 50% R/50%P 12,5 CM",,1.4975999999999998,KG,29444.444444444445,0.05,46416.84210526315
4010110007.0,WETKINS BABY PINK 100S @12,3020302010.0,"JR FN 40-76 H 50% R/50%P 12,5 CM",,1.1231999999999998,KG,29444.444444444445,0.05,34812.63157894736
4010111001.0,WETKINS ANTISEPTIC 1S @720,3020301002.0,JR FN 40-76 H 30% R/70%P 14 CM WKN 1S,,0.504,KG,26901.234567901232,0.05,14271.812865497075
4010112001.0,WETKINS ANTISEPTIC 10S @108,3020301005.0,JR FN 40-76 H 30% R/70%P 27 CM,,1.01088,KG,26901.234567901232,0.05,28625.178947368422
4010112003.0,WETKINS ANTISEPTIC 10S @18X8,3020301005.0,JR FN 40-76 H 30% R/70%P 27 CM,,1.3478400000000001,KG,26901.234567901232,0.05,38166.905263157896
4010112002.0,WETKINS ANTISEPTIC 10S BND @54X2,3020301005.0,JR FN 40-76 H 30% R/70%P 27 CM,,1.01088,KG,26901.234567901232,0.05,28625.178947368422
4010113001.0,WETKINS ANTISEPTIC 24S @54,3020301005.0,JR FN 40-76 H 30% R/70%P 27 CM,,1.2130560000000001,KG,26901.234567901232,0.05,34350.21473684211
4010113002.0,WETKINS ANTISEPTIC 24S @72,3020301005.0,JR FN 40-76 H 30% R/70%P 27 CM,,1.6174080000000002,KG,26901.234567901232,0.05,45800.28631578948
4010113004.0,WETKINS ANTISEPTIC 24S @6,3020301005.0,JR FN 40-76 H 30% R/70%P 27 CM,,0.134784,KG,26901.234567901232,0.05,3816.6905263157887
4010113003.0,WETKINS ANTISEPTIC 24S BND @27X2,3020303002.0,JR FN 40-76 H 20% R/80%P 36 CM,,1.2130560000000001,KG,0,0.05,0.0
4010113005.0,WETKINS ANTISEPTIC 24S BND @15X4,3020303005.0,JR FN 40-76 H 20% R/80%P 26 CM,,1.34784,KG,0,0.05,0.0
4010114001.0,WETKINS ANTISEPTIC 50S @24,3020303002.0,JR FN 40-76 H 20% R/80%P 36 CM,,1.1231999999999998,KG,0,0.05,0.0
4010114002.0,WETKINS ANTISEPTIC 50S BND @12X2,3020303002.0,JR FN 40-76 H 20% R/80%P 36 CM,,1.1231999999999998,KG,0,0.05,0.0
4010114005.0,WETKINS ANTISEPTIC 50S BND TT @12X2,3020303002.0,JR FN 40-76 H 20% R/80%P 36 CM,,1.1231999999999998,KG,0,0.05,0.0
4010114006.0,WETKINS ANTISEPTIC 50S BND TT @3X6,3020303002.0,JR FN 40-76 H 20% R/80%P 36 CM,,0.8423999999999999,KG,0,0.05,0.0
4010114003.0,WETKINS ANTISEPTIC 50S FT @24,3020303002.0,JR FN 40-76 H 20% R/80%P 36 CM,,1.1231999999999998,KG,0,0.05,0.0
4010114004.0,WETKINS ANTISEPTIC 50S FT @6,3020301001.0,JR FN 40-76 H 30% R/70%P 37 CM (WETKINS),,0.28079999999999994,KG,26901.234567901232,0.05,7951.438596491225
4010115001.0,WETKINS ANTISEPTIC 60S BTL @20,3010402001.0,MR FN 40-76 H 30%R/70%P 152 CM (WKN),,1.44,KG,24211.11111111111,0.1,38737.777777777774
4010116001.0,WETKINS ANTISEPTIC 80S FT @18,3020303002.0,JR FN 40-76 H 20% R/80%P 36 CM,,1.3478400000000001,KG,0,0.05,0.0
4010116002.0,WETKINS ANTISEPTIC 80S FT @4,3020303002.0,JR FN 40-76 H 20% R/80%P 36 CM,,0.29952000000000006,KG,0,0.05,0.0
4010117001.0,WETKINS CLEAN & FLUSH 10S @108,1020000002.0,JR FLUSHABLE (IMPORT) 15 CM,,1.0125,KG,0,0.05,0.0
4010117003.0,WETKINS CLEAN & FLUSH 30S @48,1020000002.0,JR FLUSHABLE (IMPORT) 15 CM,,1.35,KG,0,0.05,0.0
4010117002.0,WETKINS CLEAN & FLUSH 72S @18,1020000002.0,JR FLUSHABLE (IMPORT) 15 CM,,1.2149999999999999,KG,0,0.05,0.0
4010117004.0,WETKINS CLEAN & FLUSH 30S @36,1020000002.0,JR FLUSHABLE (IMPORT) 15 CM,,1.0125,KG,0,0.05,0.0
4010117005.0,WETKINS CLEAN & FLUSH 72S @16,1020000002.0,JR FLUSHABLE (IMPORT) 15 CM,,1.08,KG,0,0.05,0.0
4010117006.0,WETKINS CLEAN & FLUSH 72S @20,1020000002.0,JR FLUSHABLE (IMPORT) 15 CM,,1.3499999999999999,KG,0,0.05,0.0
4010119001.0,WETKINS PET WIPES 80S BTL @20,3010602002.0,MR FN 45-76 H 50%R/50%P 160 CM,,1.9440000000000002,KG,26500,0.1,57240.00000000001
4010119002.0,WETKINS PET WIPES 80S @16,3020303004.0,JR FN 40-76 H 20% R/80%P 20 CM,,1.92,KG,0,0.1,0.0
4010120001.0,WETKINS FRESHENING 18S @18,3021301006.0,JR FN 80-25 D 50%R/40%P/10%ES 25 CM,,1.9439999999999997,KG,29570.37037037037,0.05,60510.31578947367
4010120003.0,WETKINS FRESHENING TOWEL 10S @24,3020901004.0,JR FN 70-25 D 50%R/42.5%P/7.5%ES 21 CM,,0.9878400000000002,KG,0,0.05,0.0
4010120002.0,WETKINS FRESHENING TOWEL 1S @432,,,,,,,,
4010120004.0,WETKINS FRESHENING TOWEL 1S @24X24,3020901002.0,JR FN 70-25 D 50%R/42.5%P/7.5%ES 25 CM,,2.016,KG,29538.888888888883,0.05,62684.63157894736
4010123001.0,WETKINS BAYI BARU LAHIR 50S BND @8X2,3020303002.0,JR FN 40-76 H 20% R/80%P 36 CM,,0.7487999999999999,KG,0,0.05,0.0
4010123002.0,WETKINS BAYI BARU LAHIR 80S BND @8X2,3020303002.0,JR FN 40-76 H 20% R/80%P 36 CM,,1.1980800000000003,KG,0,0.05,0.0
4010124001.0,WETKINS GANTI POPOK 50S BND @8X2,3020303002.0,JR FN 40-76 H 20% R/80%P 36 CM,,0.7487999999999999,KG,0,0.05,0.0
4010124002.0,WETKINS GANTI POPOK 80S BND @8X2,3020303002.0,JR FN 40-76 H 20% R/80%P 36 CM,,1.1980800000000003,KG,0,0.05,0.0
4010128001.0,WETKINS PUFFY PUFF DRY WIPES 250S @4,3020402002.0,JR FN 45-25D 50% R/50%P 15.5 CM 7.5X7.5,,1.395,KG,29444.444444444445,0.05,43236.84210526316
4010121001.0,WETKINS SANITIZING UNSCENTED 10S @108,,,,,,,,
4010121002.0,WETKINS SANITIZING UNSCENTED 24S @54,,,,,,,,
4010121003.0,WETKINS SANITIZING UNSCENTED 24S @72,,,,,,,,
4010121004.0,WETKINS SANITIZING UNSCENTED 50S @24,,,,,,,,
4010222001.0,FALMED HAND SANITIZER 60 ML @60,2010704001.0,CARTON BOX FLD HAND SANITIZER 60ML D3.5,,1.0,PCS,0,0.05,
4010222002.0,FALMED HAND SANITIZER 1 LT @6,2010704002.0,CARTON BOX FLD HAND SANITIZER 1 LT @6,,1.0,PCS,3305,0.05,3478.947368421053
4010222003.0,FALMED HAND SANITIZER 5 LT @2,2010704003.0,CARTON BOX FLD HAND SANITIZER 5 LT @2,,1.0,PCS,5454,0.05,5741.0526315789475
4010223001.0,FALMED ALCOHOL WIPES 1S @48X20,3020501002.0,JR FN 45-76 H 20% R/80%P 20 CM,,1.0368,KG,25629.62962962963,0.05,27971.368421052633
4010223002.0,FALMED ALCOHOL HAND SANITIZING 90S BTL @9,3010701003.0,MR FN 50-76 H 50%R/50%P 160 CM,,1.2149999999999999,KG,26500,0.1,35774.99999999999
4010223003.0,FALMED ALCOHOL HAND SANITIZING 45S BTL @15,3010701003.0,MR FN 50-76 H 50%R/50%P 160 CM,,1.0124999999999997,KG,26500,0.1,29812.499999999993
4010223004.0,FALMED ALCOHOL SURFACE 90S BTL @9,3010701003.0,MR FN 50-76 H 50%R/50%P 160 CM,,1.2149999999999999,KG,26500,0.1,35774.99999999999
4010223005.0,FALMED ALCOHOL SURFACE 45S BTL @15,3010701003.0,MR FN 50-76 H 50%R/50%P 160 CM,,1.0124999999999997,KG,26500,0.1,29812.499999999993
4010224001.0,WASH GLOVE GREEN TEA 18S @18,3021301005.0,JR FN 80-25 D 50%R/40%P/10%ES 15 CM,,1.7496,KG,29570.37037037037,0.05,54459.28421052632
4010224006.0,WASH GLOVE GREEN TEA 18S @15,3021301005.0,JR FN 80-25 D 50%R/40%P/10%ES 15 CM,,1.458,KG,29570.37037037037,0.05,45382.73684210527
4010224005.0,WASH GLOVE GREEN TEA 18S BND @3X4,3021301005.0,JR FN 80-25 D 50%R/40%P/10%ES 15 CM,,1.1664,KG,29570.37037037037,0.05,36306.18947368421
4010224008.0,WASH GLOVE GREEN TEA 8S @24,3021301005.0,JR FN 80-25 D 50%R/40%P/10%ES 15 CM,,1.0368000000000002,KG,29570.37037037037,0.05,32272.168421052633
4010224002.0,WASH GLOVE BABY POWDERY 20S @18,3020901001.0,JR FN 70-25 D 50%R/42.5%P/7.5%ES 15 CM,,1.701,KG,29538.888888888883,0.05,52890.15789473684
4010224007.0,WASH GLOVE BABY POWDERY 8S @24,3020901001.0,JR FN 70-25 D 50%R/42.5%P/7.5%ES 15 CM,,0.9072,KG,29538.888888888883,0.05,28208.084210526315
4010224003.0,FALMED EXTRA THICK TOWEL 2S @8X16,3020801011.0,JR FN 65-25 D 50%R/42.5%P/7.5%ES 15 CM,,1.1232,KG,0,0.05,0.0
4010224004.0,FALMED EXTRA THICK TOWEL 4S @8X10,3020801011.0,JR FN 65-25 D 50%R/42.5%P/7.5%ES 15 CM,,1.404,KG,0,0.05,0.0
4010225001.0,FALMED MASKER L BIRU 10S @24X5X10,3030200002.0,JR SPUNBOND MASKER BIRU 16.5 CM,,0.864,KG,42240.54666666666,0.05,38416.66559999999
4010225002.0,FALMED MASKER L BIRU 10S @50X10,3030200002.0,JR SPUNBOND MASKER BIRU 16.5 CM,,0.36,KG,42240.54666666666,0.05,16006.943999999998
4010225017.0,FALMED MASKER L BIRU 12S @48X12,3030200002.0,JR SPUNBOND MASKER BIRU 16.5 CM,,0.41472,KG,42240.54666666666,0.05,18439.999487999998
4010225018.0,FALMED MASKER L BIRU 1S @500,3030200002.0,JR SPUNBOND MASKER BIRU 16.5 CM,,0.36,KG,42240.54666666666,0.05,16006.943999999998
4010225003.0,FALMED MASKER L ABU 10S @50X10,3030100002.0,JR SPUNBOND MASKER ABU 16.5 CM,,0.27,KG,42240.54666666666,0.05,12005.208
4010225004.0,FALMED MASKER L ORANGE 10S @50X10,3030400002.0,JR SPUNBOND MASKER ORANGE 16.5 CM,,0.27,KG,42240.54666666666,0.05,12005.208
4010225005.0,FALMED MASKER L PINK 10S @50X10,3030500002.0,JR SPUNBOND MASKER PINK 16.5 CM,,0.27,KG,42240.54666666666,0.05,12005.208
4010225019.0,FALMED MASKER L PUTIH 1S @500,3030600002.0,JR SPUNBOND MASKER PUTIH 16.5 CM,,0.27,KG,42240.54666666666,0.05,12005.208
4010225006.0,FALMED MASKER L PUTIH 10S @50X10,3030600002.0,JR SPUNBOND MASKER PUTIH 16.5 CM,,0.27,KG,42240.54666666666,0.05,12005.208
4010225020.0,FALMED MASKER L BIRU 50S @24X50,3030200002.0,JR SPUNBOND MASKER BIRU 16.5 CM,,0.864,KG,42240.54666666666,0.05,38416.66559999999
4010225021.0,FALMED MASKER L ABU 50S @24X50,3030100002.0,JR SPUNBOND MASKER ABU 16.5 CM,,0.864,KG,42240.54666666666,0.05,38416.66559999999
4010225022.0,FALMED MASKER L PUTIH 50S @24X50,3030600002.0,JR SPUNBOND MASKER PUTIH 16.5 CM,,0.864,KG,42240.54666666666,0.05,38416.66559999999
4010225023.0,FALMED MASKER L PINK 50S @24X50,3030500002.0,JR SPUNBOND MASKER PINK 16.5 CM,,0.864,KG,42240.54666666666,0.05,38416.66559999999
4010225024.0,FALMED MASKER L ORANGE 50S @24X50,3030400002.0,JR SPUNBOND MASKER ORANGE 16.5 CM,,0.864,KG,42240.54666666666,0.05,38416.66559999999
4010225007.0,FALMED MASKER M ABU 10S @50X10,3030100001.0,JR SPUNBOND MASKER ABU 15 CM,,0.31,KG,42240.54666666666,0.05,13783.757333333333
4010225008.0,FALMED MASKER M BIRU 10S @50X10,3030200001.0,JR SPUNBOND MASKER BIRU 15 CM,,0.31,KG,42240.54666666666,0.05,13783.757333333333
4010225009.0,FALMED MASKER M ORANGE 10S @50X10,3030400001.0,JR SPUNBOND MASKER ORANGE 15 CM,,0.31,KG,42240.54666666666,0.05,13783.757333333333
4010225010.0,FALMED MASKER M PINK 10S @50X10,3030500001.0,JR SPUNBOND MASKER PINK 15 CM,,0.31,KG,42240.54666666666,0.05,13783.757333333333
4010225011.0,FALMED MASKER M PUTIH 10S @50X10,3030600001.0,JR SPUNBOND MASKER PUTIH 15 CM,,0.31,KG,42240.54666666666,0.05,13783.757333333333
4010225012.0,FALMED MASKER S ABU 10S @50X10,3030100001.0,JR SPUNBOND MASKER ABU 15 CM,,0.27,KG,42240.54666666666,0.05,12005.208
4010225013.0,FALMED MASKER S BIRU 10S @50X10,3030200001.0,JR SPUNBOND MASKER BIRU 15 CM,,0.27,KG,42240.54666666666,0.05,12005.208
4010225014.0,FALMED MASKER S ORANGE 10S @50X10,3030400001.0,JR SPUNBOND MASKER ORANGE 15 CM,,0.27,KG,42240.54666666666,0.05,12005.208
4010225015.0,FALMED MASKER S PINK 10S @50X10,3030500001.0,JR SPUNBOND MASKER PINK 15 CM,,0.27,KG,42240.54666666666,0.05,12005.208
4010225016.0,FALMED MASKER S PUTIH 10S @50X10,3030600001.0,JR SPUNBOND MASKER PUTIH 15 CM,,0.27,KG,42240.54666666666,0.05,12005.208
4010226001.0,FALMED KASSA STERIL 5X4 1S @60X10,3020403002.0,JR FN 45-25D 70% R/30%P 10 CM KS 5X4,,0.216,KG,31987.65432098765,0.05,7272.98245614035
4010226002.0,FALMED KASSA STERIL 5X6 1S @44X10,3020403002.0,JR FN 45-25D 70% R/30%P 10 CM KS 5X4,,0.23760000000000003,KG,31987.65432098765,0.05,8000.280701754387
4010226003.0,FALMED KASSA STERIL 7.5X7.5 1S @48X10,3020403003.0,JR FN 45-25D 70% R/30%P 15.5 CM 7.5X7.5,,0.48599999999999993,KG,31987.65432098765,0.05,16364.210526315786
4010226005.0,FALMED KASSA STERIL 7.5X7.5 1S @10X10,3020403003.0,JR FN 45-25D 70% R/30%P 15.5 CM 7.5X7.5,,0.48599999999999993,KG,31987.65432098765,0.05,16364.210526315786
4010226004.0,FALMED KASSA NONWOVEN  @560,,,,,,,,
4010227001.0,FALMED ALCOHOL SWAB 3X6 1S @48,3021600001.0,JR SFBR 50-60 3 CM (ALCOHOL SWAB),,0.0,KG,0,0.05,0.0
4010228001.0,FALMED DRY GLOVE 25S @12,3021201001.0,JR FN 80-14 H 50%R/40%P/10%ES 15 CM,,3.24,KG,29570.37037037037,0.05,100850.52631578948
4010229001.0,FALMED BED SHEET 1S @20,,,,,,,,
4010229002.0,FALMED BED SHEET (MICROPORUS) 1S @20,,,,,,,,
4010301001.0,VOLARE MAKE UP REMOVER 10S @108,3020302004.0,JR FN 40-76 H 50% R/50%P 30 CM,,1.01088,KG,29444.444444444445,0.05,31331.368421052633
4010302001.0,VOLARE FEMININE HYGIENE 10S @108,,,,,,,,
4010304001.0,VOLARE HAND & MOUTH FG 30S @54,3020503002.0,JR FN 45-76 H 50% R/50%P 15 CM,,2.1869999999999994,KG,29444.444444444445,0.05,67784.21052631577
4010304006.0,VOLARE HAND & MOUTH FG 30S @48,3020503002.0,JR FN 45-76 H 50% R/50%P 15 CM,,1.9439999999999997,KG,29444.444444444445,0.05,60252.63157894737
4010304003.0,VOLARE HAND & MOUTH FG 30S @24,3020503002.0,JR FN 45-76 H 50% R/50%P 15 CM,,0.9719999999999999,KG,29444.444444444445,0.05,30126.315789473683
4010304004.0,VOLARE HAND & MOUTH FG 80S FT @10,3020503010.0,JR FN 45-76 H 50% R/50%P 40 CM,,1.08,KG,29444.444444444445,0.05,33473.68421052632
4010304002.0,VOLARE HAND & MOUTH FG 80S FT @18,3020503010.0,JR FN 45-76 H 50% R/50%P 40 CM,,1.9439999999999997,KG,29444.444444444445,0.05,60252.63157894737
4010304005.0,VOLARE HAND & MOUTH FG BIO 80S @16,3021801001.0,JR FN 42-76 H 100% R 20 CM,,1.6128,KG,0,0.05,0.0
4010305001.0,VOLARE FACIAL COTTON 250S @24,3020801002.0,JR FN 65-25 D 50%R/42.5%P/7.5%ES 25CMFCT,,2.106,KG,29538.888888888883,0.05,65483.05263157894
4010401001.0,POLYMORPH HD 30X32 10S MIX @60,3021402001.0,JR FN 90-14 H 80%R/10%P/10%ES 30 CM HDB,,1.2959999999999998,KG,33836.96055851727,0.05,46160.73777246145
4010401018.0,POLYMORPH HD 30X32 PACK 6S MIX @60,3021402001.0,JR FN 90-14 H 80%R/10%P/10%ES 30 CM HDB,,0.7776000000000001,KG,33836.96055851727,0.05,27696.442663476875
4010401002.0,POLYMORPH HD 30X32 10S WHITE @63,3021402005.0,JR FN 90-14 H 80%R/10%P/10%ES 30 CM,,5.4432,KG,33385.18518518518,0.05,191286.56842105262
4010401003.0,POLYMORPH HD VALUE PACK 0.5 KG MIX @12,3021402001.0,JR FN 90-14 H 80%R/10%P/10%ES 30 CM HDB,,1.5,KG,33836.96055851727,0.05,53426.77982923779
4010401004.0,POLYMORPH HD VALUE PACK 0.5 KG WHITE @12,3021402005.0,JR FN 90-14 H 80%R/10%P/10%ES 30 CM,,6.0,KG,33385.18518518518,0.05,210853.80116959065
4010401005.0,POLYMORPH HD 30X45 (ROLL) MIX @6,3011602001.0,MR FN 90-14 H 80%R/10%P/10%ES 165 CM HDB,,1.42155,KG,30453.264502665545,0.1,48100.93128196023
4010401006.0,POLYMORPH HD 30X45 (ROLL) WHITE @6,3011602005.0,MR FN 90-14 H 80%R/10%P/10%ES 165 CM,,5.6862,KG,30046.666666666664,0.1,189834.84
4010401014.0,POLYMORPH HD 30X45 (ROLL) RED @6,3011602002.0,MR FN 90-14 H 80%R/10%P/10%ES 165 CM HDR,,5.6862,KG,30553.472134539843,0.1,193036.83694602276
4010401015.0,POLYMORPH HD 30X45 (ROLL) BLUE @6,3011602001.0,MR FN 90-14 H 80%R/10%P/10%ES 165 CM HDB,,5.6862,KG,30453.264502665545,0.1,192403.7251278409
4010401016.0,POLYMORPH HD 30X45 (ROLL) GREEN @6,3011602004.0,MR FN 90-14 H 80%R/10%P/10%ES 165 CM HDG,,5.6862,KG,30545.293122194165,0.1,192985.16194602274
4010401017.0,POLYMORPH HD 30X45 (ROLL) YELLOW @6,3011602003.0,MR FN 90-14 H 80%R/10%P/10%ES 165 CM HDY,,5.6862,KG,30363.760767396183,0.1,191838.2405284091
4010401007.0,POLYMORPH HD 30X60 10S MIX @33,3021402001.0,JR FN 90-14 H 80%R/10%P/10%ES 30 CM HDB,,1.3364999999999998,KG,33836.96055851727,0.05,47603.26082785087
4010401020.0,POLYMORPH HD 30X60 10S RED @33,3021402003.0,JR FN 90-14 H 80%R/10%P/10%ES 30 CM HDR,,5.345999999999999,KG,33948.30237171094,0.05,191039.60471491228
4010401021.0,POLYMORPH HD 30X60 10S BLUE @33,3021402001.0,JR FN 90-14 H 80%R/10%P/10%ES 30 CM HDB,,5.345999999999999,KG,33836.96055851727,0.05,190413.04331140348
4010401022.0,POLYMORPH HD 30X60 10S GREEN @33,3021402002.0,JR FN 90-14 H 80%R/10%P/10%ES 30 CM HDG,,5.345999999999999,KG,33939.21458021574,0.05,190988.46436403508
4010401023.0,POLYMORPH HD 30X60 10S YELLOW @33,3021402004.0,JR FN 90-14 H 80%R/10%P/10%ES 30 CM HDY,,5.345999999999999,KG,33737.51196377353,0.05,189853.4094298245
4010401011.0,POLYMORPH HD 37.5X60 60S RED @8,3021402006.0,JR FN 90-14 H 80%R/10%P/10%ES 37.5CM HDR,,9.719999999999999,KG,0,0.05,0.0
4010401012.0,POLYMORPH HD 37.5X60 60S YELLOW @8,3021402007.0,JR FN 90-14 H 80%R/10%P/10%ES 37.5 CM HDY,,9.719999999999999,KG,0,0.05,0.0
4010401013.0,POLYMORPH HD 37.5X60 60S BLUE @8,3021402008.0,JR FN 90-14 H 80%R/10%P/10%ES 37.5CM HDB,,9.719999999999999,KG,0,0.05,0.0
4010401024.0,POLYMORPH HD 37.5X60 60S RED @6,3021402006.0,JR FN 90-14 H 80%R/10%P/10%ES 37.5CM HDR,,7.289999999999999,KG,0,0.05,0.0
4010401025.0,POLYMORPH HD 37.5X60 60S YELLOW @6,3021402007.0,JR FN 90-14 H 80%R/10%P/10%ES 37.5 CM HDY,,7.289999999999999,KG,0,0.05,0.0
4010401026.0,POLYMORPH HD 37.5X60 60S BLUE @6,3021402008.0,JR FN 90-14 H 80%R/10%P/10%ES 37.5CM HDB,,7.289999999999999,KG,0,0.05,0.0
4010401008.0,POLYMORPH HD 30X60 10S WHITE @33,3021402005.0,JR FN 90-14 H 80%R/10%P/10%ES 30 CM,,5.345999999999999,KG,33385.18518518518,0.05,187870.73684210522
4010401009.0,POLYMORPH HD VALUE PACK 1 KG MIX @6,3021402001.0,JR FN 90-14 H 80%R/10%P/10%ES 30 CM HDB,,1.5,KG,33836.96055851727,0.05,53426.77982923779
4010401010.0,POLYMORPH HD VALUE PACK 1 KG WHITE @6,3021402005.0,JR FN 90-14 H 80%R/10%P/10%ES 30 CM,,6.0,KG,33385.18518518518,0.05,210853.80116959065
4010402001.0,POLYMORPH MD 30X32 10S MIX @63,3021301001.0,JR FN 80-25 D 50%R/40%P/10%ES 30 CM MDB,,1.7010000000000003,KG,30699.329810049017,0.05,54967.95790199304
4010402002.0,POLYMORPH MD 30X32 10S WHITE @63,3021301007.0,JR FN 80-25 D 50%R/40%P/10%ES 30 CM,,9.072,KG,29570.37037037037,0.05,282381.4736842105
4010402003.0,POLYMORPH MD VALUE PACK 0.5 KG MIX @12,3021301001.0,JR FN 80-25 D 50%R/40%P/10%ES 30 CM MDB,,1.5,KG,30699.329810049017,0.05,48472.62601586687
4010402004.0,POLYMORPH MD VALUE PACK 0.5 KG WHITE @12,3021301007.0,JR FN 80-25 D 50%R/40%P/10%ES 30 CM,,6.0,KG,29570.37037037037,0.05,186760.23391812865
4010402005.0,POLYMORPH MD 30X45 (ROLL) MIX @6,3011401002.0,MR FN 80-25 D 50%R/40%P/10%ES 165 CM MDB,,1.3770000000000002,KG,27629.396829044115,0.1,42272.9771484375
4010402006.0,POLYMORPH MD 30X45 (ROLL) WHITE @6,3011401001.0,MR FN 80-25 D 50%R/40%P/10%ES 165 CM,,5.508000000000001,KG,26613.333333333332,0.1,162873.6
4010402007.0,POLYMORPH MD 30X60 10S MIX @36,3021301001.0,JR FN 80-25 D 50%R/40%P/10%ES 30 CM MDB,,1.296,KG,30699.329810049017,0.05,41880.34887770898
4010402008.0,POLYMORPH MD 30X60 10S WHITE @33,3021301007.0,JR FN 80-25 D 50%R/40%P/10%ES 30 CM,,4.751999999999999,KG,29570.37037037037,0.05,147914.10526315786
4010402009.0,POLYMORPH MD VALUE PACK 1 KG MIX @6,3021301001.0,JR FN 80-25 D 50%R/40%P/10%ES 30 CM MDB,,1.5,KG,30699.329810049017,0.05,48472.62601586687
4010402010.0,POLYMORPH MD VALUE PACK 1 KG WHITE @6,3021301007.0,JR FN 80-25 D 50%R/40%P/10%ES 30 CM,,6.0,KG,29570.37037037037,0.05,186760.23391812865
4010403001.0,POLYMORPH LD 30X32 10S MIX @66,3020801005.0,JR FN 65-25 D 50%R/42.5%P/7.5%ES 30CMLDB,,1.0295999999999998,KG,31276.985398860394,0.05,33897.66754385964
4010403002.0,POLYMORPH LD 30X32 10S WHITE @63,3020801010.0,JR FN 65-25 D 50%R/42.5%P/7.5%ES 30 CM,,3.9312,KG,29538.888888888883,0.05,122235.03157894735
4010403003.0,POLYMORPH LD VALUE PACK 0.5 KG MIX @12,3020801005.0,JR FN 65-25 D 50%R/42.5%P/7.5%ES 30CMLDB,,1.5,KG,31276.985398860394,0.05,49384.713787674315
4010403004.0,POLYMORPH LD VALUE PACK 0.5 KG WHITE @12,3020801010.0,JR FN 65-25 D 50%R/42.5%P/7.5%ES 30 CM,,6.0,KG,29538.888888888883,0.05,186561.4035087719
4010403005.0,POLYMORPH LD 30X45 (ROLL) MIX @6,3010901004.0,MR FN65-25D 50%R/42.5%P/7.5%ES 165CM LDG,,1.2504375,KG,28330.284455128203,0.1,39361.38896484375
4010403006.0,POLYMORPH LD 30X45 (ROLL) WHITE @6,3010901001.0,MR FN 65-25 D 50%R/42.5%P/7.5%ES 165 CM,,5.00175,KG,26584.999999999996,0.1,147746.13749999998
4010403007.0,POLYMORPH LD 30X60 10S MIX @39,3020801005.0,JR FN 65-25 D 50%R/42.5%P/7.5%ES 30CMLDB,,1.1407499999999997,KG,31276.985398860394,0.05,37557.0748355263
4010403008.0,POLYMORPH LD 30X60 10S WHITE @33,3020801010.0,JR FN 65-25 D 50%R/42.5%P/7.5%ES 30 CM,,3.8609999999999998,KG,29538.888888888883,0.05,120052.2631578947
4010403009.0,POLYMORPH LD VALUE PACK 1 KG MIX @6,3020801005.0,JR FN 65-25 D 50%R/42.5%P/7.5%ES 30CMLDB,,1.5,KG,31276.985398860394,0.05,49384.713787674315
4010403010.0,POLYMORPH LD VALUE PACK 1 KG WHITE @6,3020801010.0,JR FN 65-25 D 50%R/42.5%P/7.5%ES 30 CM,,6.0,KG,29538.888888888883,0.05,186561.4035087719
4010404001.0,POLYMORPH SWEEPER MOP STICK  @24,3020101002.0,JR FN 35-25 D 85%P/15%ES 21 CM MCD,,0.4939200000000001,KG,23275.30864197531,0.05,12101.200467836261
4010500001.0,STELLA JUMBO ROLL 50S @20,3010901001.0,MR FN 65-25 D 50%R/42.5%P/7.5%ES 165 CM,,9.75,KG,26584.999999999996,0.1,288004.1666666666
4010500002.0,STELLA DRY WIPE 20X24 100S @14,3020801001.0,JR FN 65-25 D 50%R/42.5%P/7.5%ES 24CMSTL,,4.368,KG,29538.888888888883,0.05,135816.70175438595
4010500004.0,STELLA DRY WIPE 20X24 100S @12,3020801001.0,JR FN 65-25 D 50%R/42.5%P/7.5%ES 24CMSTL,,3.7439999999999993,KG,29538.888888888883,0.05,116414.31578947365
4010500005.0,STELLA DRY WIPE 20X24 100S @8,3020801001.0,JR FN 65-25 D 50%R/42.5%P/7.5%ES 24CMSTL,,2.496,KG,29538.888888888883,0.05,77609.54385964911
4010600001.0,POLYMORPH LAP RAYON 40S MIX @30 (CTN),3011001002.0,MR FN70-10H 50%R/42.5%P/7.5%ES 165CM LRB,,2.4499999999999997,KG,27401.255252100837,0.1,74592.30596405227
4010600002.0,POLYMORPH LAP RAYON 40S WHITE @30 (CTN),3011001001.0,MR FN 70-10 H 50%R/42.5%P/7.5%ES 165 CM,,7.35,KG,26584.999999999996,0.1,217110.83333333328
4010600003.0,POLYMORPH LAP RAYON 40S MIX @40 (BALL),3011001002.0,MR FN70-10H 50%R/42.5%P/7.5%ES 165CM LRB,,3.266666666666667,KG,27401.255252100837,0.1,99456.40795206971
4010600007.0,POLYMORPH LAP RAYON 40S BLUE @40 (BALL),3011001002.0,MR FN70-10H 50%R/42.5%P/7.5%ES 165CM LRB,,9.8,KG,27401.255252100837,0.1,298369.2238562091
4010600008.0,POLYMORPH LAP RAYON 40S GREEN @40 (BALL),3011001003.0,MR FN70-10H 50%R/42.5%P/7.5%ES 165CM LRG,,9.8,KG,27408.398109243695,0.1,298447.00163398695
4010600009.0,POLYMORPH LAP RAYON 40S RED @40 (BALL),3011001004.0,MR FN70-10H 50%R/42.5%P/7.5%ES 165CM LRR,,9.8,KG,27451.866538281974,0.1,298920.32452795934
4010600004.0,LAP RAYON 40S RED (MAGTIS) @40,3011001001.0,MR FN 70-10 H 50%R/42.5%P/7.5%ES 165 CM,,9.8,KG,26584.999999999996,0.1,289481.11111111107
4010600005.0,LAP RAYON 40S BLUE (MAGTIS) @40,3011001001.0,MR FN 70-10 H 50%R/42.5%P/7.5%ES 165 CM,,9.8,KG,26584.999999999996,0.1,289481.11111111107
4010700001.0,MAGIC CLEAN DRY 60S @24,3020101002.0,JR FN 35-25 D 85%P/15%ES 21 CM MCD,,2.9635200000000004,KG,23275.30864197531,0.05,72607.20280701756
4010700002.0,MAGIC CLEAN DRY 60S @6,3020101002.0,JR FN 35-25 D 85%P/15%ES 21 CM MCD,,0.7408800000000001,KG,23275.30864197531,0.05,18151.80070175439
4010700003.0,MAGIC CLEAN WET 30S @24,3020701003.0,JR FN 53-25 D 50%R/40%P/10%ES 21CM MCW,,2.2438080000000005,KG,29570.37037037037,0.05,69842.35115789475
4010700004.0,MAGIC CLEAN WET 30S @16,3020701003.0,JR FN 53-25 D 50%R/40%P/10%ES 21CM MCW,,1.4958720000000003,KG,29570.37037037037,0.05,46561.5674385965
4010700005.0,MAGIC CLEAN WET 30S @6,3020701003.0,JR FN 53-25 D 50%R/40%P/10%ES 21CM MCW,,0.5609520000000001,KG,29570.37037037037,0.05,17460.587789473688
4010700006.0,MAGIC CLEAN WET 30S BND @2X6,3020701003.0,JR FN 53-25 D 50%R/40%P/10%ES 21CM MCW,,1.1219040000000002,KG,29570.37037037037,0.05,34921.175578947375
4010800001.0,NTUC MULTI PURPOSE WIPES 12S @42,3020801003.0,JR FN 65-25 D 50%R/42.5%P/7.5%ES 30CMNTB,,2.9484,KG,30515.60457516339,0.1,99969.12058823527
4010800002.0,GRADE B (EX-NTUC) 35X60 1 KG,,,,,,,,
4010900001.0,SABER 30X34 900S @1,,,,,,,,
4011000001.0,TANDOX WETLACE 50:50 30X34CM  @1,,,,,,,,
4019900001.0,TISSUE KOMPOR 1 KG @8,3019700001.0,MR GRADE C,,8.0,KG,0,0.1,0.0
4019900002.0,TISSUE KOMPOR 1 KG (BC) @10,3019700001.0,MR GRADE C,,10.0,KG,0,0.1,0.0
4020101001.0,INDOMARET WET WIPES 50S FT @24,3020601006.0,JR FN 50-76 H 50% R/50%P 40 CM,,1.1231999999999998,KG,29444.444444444445,0.05,34812.63157894736
4020101002.0,INDOMARET BABY WIPES 50S FT @24,3020503010.0,JR FN 45-76 H 50% R/50%P 40 CM,,1.1231999999999998,KG,29444.444444444445,0.05,34812.63157894736
4020101003.0,INDOMARET WET WIPES 10S @108,3020601006.0,JR FN 50-76 H 50% R/50%P 40 CM,,1.01088,KG,29444.444444444445,0.05,31331.368421052633
4020101004.0,INDOMARET ALCOHOL WIPES 10S @108,3020501001.0,JR FN 45-76 H 20% R/80%P 30 CM ( WET ),,1.01088,KG,25629.62962962963,0.05,27272.084210526322
4020102005.0,INDOMARET SERBET SERBAGUNA 26S @30,3011601005.0,MR FN 90-14 H 50%R/40%P/10%ES 165 CM HDG,,6.1425,KG,27111.959788860833,0.1,185039.12555897518
4020201001.0,MOMAMI ANTI BACTERIAL 30S @48,3020601004.0,JR FN 50-76 H 50% R/50%P 20 CM,,2.16,KG,29444.444444444445,0.05,66947.36842105264
4020201002.0,MOMAMI PACIFIER & BOTTLE 30S @48,3020601004.0,JR FN 50-76 H 50% R/50%P 20 CM,,2.16,KG,29444.444444444445,0.05,66947.36842105264
4020201003.0,MOMAMI SALINE WIPES 30S @48,3020601004.0,JR FN 50-76 H 50% R/50%P 20 CM,,2.16,KG,29444.444444444445,0.05,66947.36842105264
4020201004.0,MOMAMI WATER WIPES 30S @48,3020601004.0,JR FN 50-76 H 50% R/50%P 20 CM,,2.16,KG,29444.444444444445,0.05,66947.36842105264
4020201005.0,MOMAMI CITRAPELLA WIPES 1S @48X20,,,,,,,,
4020201006.0,MOMAMI TOOTH & GUM 1S @48X20,3020601002.0,JR FN 50-76 H 50% R/50%P 13 CM,,0.5616,KG,29444.444444444445,0.05,17406.315789473683
4020301001.0,STARDEC WASH GLOVES 4S @48,3021201001.0,JR FN 80-14 H 50%R/40%P/10%ES 15 CM,,1.0368000000000002,KG,29570.37037037037,0.05,32272.168421052633
4020301002.0,STARDEC WASH GLOVES 8S @36,3021201001.0,JR FN 80-14 H 50%R/40%P/10%ES 15 CM,,1.5552000000000001,KG,29570.37037037037,0.05,48408.25263157895
4020301003.0,STARDEC WASH GLOVES 8S @24,3021201001.0,JR FN 80-14 H 50%R/40%P/10%ES 15 CM,,1.0368000000000002,KG,29570.37037037037,0.05,32272.168421052633
4020401001.0,HYGIENE QUALITY 1S @600,3020301007.0,JR FN 40-76 H 30% R/70%P 20 CM,,0.672,KG,29444.444444444445,0.05,20828.0701754386
4020401002.0,HYGIENE QUALITY 1S @800,3020301007.0,JR FN 40-76 H 30% R/70%P 20 CM,,0.8960000000000001,KG,29444.444444444445,0.05,27770.760233918136
4020401003.0,HYGIENE QUALITY 1S @1100,3020301007.0,JR FN 40-76 H 30% R/70%P 20 CM,,1.2320000000000002,KG,29444.444444444445,0.05,38184.79532163744
4020401004.0,HYGIENE QUALITY 1S @1200,3020301007.0,JR FN 40-76 H 30% R/70%P 20 CM,,1.344,KG,29444.444444444445,0.05,41656.1403508772
4020401005.0,HYGIENE QUALITY 1S @15x50,3020301007.0,JR FN 40-76 H 30% R/70%P 20 CM,,0.8400000000000001,KG,29444.444444444445,0.05,26035.087719298248
4020501001.0,LARISST 50S BND @12X2,3020302002.0,JR FN 40-76 H 50% R/50%P 20 CM,,1.1231999999999998,KG,29444.444444444445,0.05,34812.63157894736
4020501002.0,LARISST 50S BND @18X2,3020303004.0,JR FN 40-76 H 20% R/80%P 20 CM,,1.6847999999999999,KG,0,0.05,0.0
4020601001.0,FREEPORT 1S @600,,,,,,,,
4020701001.0,ANDALAN 10S @72,3020202002.0,JR FN 40-25 D 50% R/50%P 30 CM ANDALAN,,0.8639999999999999,KG,29444.444444444445,0.05,26778.94736842105
4020701002.0,ANDALAN 1S @750,3020202002.0,JR FN 40-25 D 50% R/50%P 30 CM ANDALAN,,0.9,KG,29444.444444444445,0.1,29444.444444444445
4020801001.0,VITAFLOW 25S @117,3020403001.0,JR FN 45-25D 70% R/30%P 20 CM VF,,3.94875,KG,31987.65432098765,0.05,132959.2105263158
4020801002.0,VITAFLOW 100S @36,3020403001.0,JR FN 45-25D 70% R/30%P 20 CM VF,,15.795,KG,31987.65432098765,0.05,531836.8421052631
4020801003.0,VITAFLOW 200S @18,3020403001.0,JR FN 45-25D 70% R/30%P 20 CM VF,,31.59,KG,31987.65432098765,0.05,1063673.6842105263
4020901001.0,BELLVADA ULTIMATE 30S @45,3020503008.0,JR FN 45-76 H 50% R/50%P 30 CM,,1.8224999999999998,KG,29444.444444444445,0.05,56486.84210526315
4021001001.0,SHINECOAT CAT WET WIPES 50S @24,3020302002.0,JR FN 40-76 H 50% R/50%P 20 CM,,1.44,KG,29444.444444444445,0.05,44631.57894736842
4021001002.0,SHINECOAT DOG WET WIPES 50S @24,3020302002.0,JR FN 40-76 H 50% R/50%P 20 CM,,1.44,KG,29444.444444444445,0.05,44631.57894736842
4021101001.0,GLOVECLEAN BODY WASH GLOVE 2S @96,3021301005.0,JR FN 80-25 D 50%R/40%P/10%ES 15 CM,,1.0368000000000002,KG,29570.37037037037,0.05,32272.168421052633
4021201001.0,SANSFLUO TOOTH & GUM 1S @10X150,3020601001.0,JR FN 50-76 H 50% R/50%P 10 CM SANSFLUO,,0.825,KG,29444.444444444445,0.05,25570.17543859649
4021301001.0,TRITON DRY GLOVE 100S @2X800,3021301005.0,JR FN 80-25 D 50%R/40%P/10%ES 15 CM,,8.64,KG,29570.37037037037,0.05,268934.7368421053
4021501001.0,AYLA INTIMATE TISSUE MANJAKANI 1S @15X50,3020302002.0,JR FN 40-76 H 50% R/50%P 20 CM,,0.9,Kg,29444.444444444445,0.05,27894.736842105263
4021401001.0,AMIRADERM FACIAL TISSUE GREENTEA 30S @48,3020504001.0,JR FN 45-76 H 100% R 30 CM,,1.9439999999999997,KG,65246.91358024691,0.05,133515.78947368418
4021401002.0,AMIRADERM SHINING FACIAL TISSUE 30S @48,3020504001.0,JR FN 45-76 H 100% R 30 CM,,1.9439999999999997,KG,65246.91358024691,0.05,133515.78947368418
4021701001.0,SD WASH GLOVES 2S @72,3021001001.0,JR FN 80-6 H 50%R/40%P/10%ES 15 CM,,0.7776000000000001,KG,17901.234567901236,0.05,14652.63157894737
4021701002.0,SD WASH GLOVES 4S @48,3021001001.0,JR FN 80-6 H 50%R/40%P/10%ES 15 CM,,1.0368000000000002,KG,17901.234567901236,0.05,19536.842105263164
4030101002.0,KAIN SPUNBOND BREATHABLE 152 CM @500,,,,,,,,
4030102001.0,KAIN SLS/SFS EX MARGARETH 152 CM (A),,,,,,,,
4030102002.0,KAIN SLS EX HAGIHARA /SFSH 130 CM,,,,,,,,
4030102003.0,KAIN SLS EX HAGIHARA /SFSH 134 CM,,,,,,,,
4030102004.0,KAIN SLS EX HAGIHARA /SFSH 143 CM,,,,,,,,
4030201001.0,FALMED APD SFS SEAL SIZE S,,,,,,,,
4030202001.0,FALMED APD SFS NON SEAL SIZE S,,,,,,,,
4030300001.0,FALMED SHOE COVER,,,,,,,,
4030400001.0,FALMED SURGICAL GOWN,,,,,,,,
4030500001.0,FALMED APPRON,,,,,,,,
4040101001.0,SPUNLACE  100% P 35 GSM WHITE W: 1380 MM,3021501001.0,JR FN 35-76 H 100% P 138 CM (DWA),,0.048299999999999996,KG,23086.41975308642,0.05,1173.7621832358673
4040101002.0,SPUNLACE  100% P 35 GSM WHITE W: 1470 MM,3021501002.0,JR FN 35-76 H 100% P 147 CM (DWA),,0.051449999999999996,KG,23086.41975308642,0.05,1250.3118908382064
4040101003.0,SPUNLACE  100% P 35 GSM WHITE W: 1500 MM,3021501003.0,JR FN 35-76 H 100% P 150 CM (DWA),,0.0525,KG,0,0.05,0.0
4040101004.0,SPUNLACE  100% P 35 GSM WHITE W: 1600 MM,3010404002.0,MR FN 40-76 H 100%R 160 CM,,0.056,KG,0,0.05,0.0
4040101005.0,SPUNLACE  100% P 35 GSM WHITE W: 1440 MM,3021501004.0,JR FN 35-76 H 100% P 144 CM (DWA),,0.056,KG,0,0.05,0.0
4040201001.0,SPUNLACE  50%R/50%P 40GSMWHITE W: 120 CM,3020302006.0,JR FN 40-76 H 50% R/50%P 120 CM MSD,,1.0,KG,29444.444444444445,0.05,30994.152046783627
3020303006.0,JR FN 40-76 H 20% R/80%P 70 CM,4040201002.0,SPUNLACE  20%R/80%P 40GSMWHITE W: 156 CM,,1.0,KG,0,0.05,0.0
4030101001.0,KAIN SPUNBOND BREATHABLE 160 CM @500,1030100002.0,SPUNBOND LAMINASI 30GSMX1610MM,,1.0,M,36000,,36000.0
4030101003.0,KAIN SPUNBOND BREATHABLE 30 CM @500,4030101001.0,KAIN SPUNBOND BREATHABLE 160 CM @500,,0.2,M,0,,0.0
4030103001.0,KAIN SURGICALGOWN BREATHABLE 160 CM,1040100001.0,SPUNBOND MASKER 25GSMX1850MM BIRU,,1.0,M,38016.492,,38016.492
4011101001.0,GENERAL WIPES 45S BTL NON ALCOHOL-BATIK @16,3010602001.0,MR FN 45-76 H 50%R/50%P 152 CM,,0.81,KG,26500,0.05,22594.736842105263
4011101002.0,GENERAL WIPES 45S BTL NON ALCOHOL-HITAM @16,3010602001.0,MR FN 45-76 H 50%R/50%P 152 CM,,0.81,KG,26500,0.05,22594.736842105263
4011101003.0,GENERAL WIPES 45S BTL NON ALCOHOL-DAUN @16,3010602001.0,MR FN 45-76 H 50%R/50%P 152 CM,,0.81,KG,26500,0.05,22594.736842105263
4011102001.0,GENERAL WIPES 45S BTL ALCOHOL-BATIK @16,3010602001.0,MR FN 45-76 H 50%R/50%P 152 CM,,0.81,KG,26500,0.05,22594.736842105263
4011102002.0,GENERAL WIPES 45S BTL ALCOHOL-HITAM @16,3010602001.0,MR FN 45-76 H 50%R/50%P 152 CM,,0.81,KG,26500,0.05,22594.736842105263
4011102003.0,GENERAL WIPES 45S BTL ALCOHOL-DAUN @16,3010602001.0,MR FN 45-76 H 50%R/50%P 152 CM,,0.81,KG,26500,0.05,22594.736842105263
4011103001.0,ANTIBACTERIAL WET WIPES 1S-PUTIH @24X30,3020303003.0,JR FN 40-76 H 20% R/80%P 18 CM,,0.67392,KG,0,0.05,0.0
4011103002.0,ANTIBACTERIAL WET WIPES 1S-HITAM @24X30,3020303003.0,JR FN 40-76 H 20% R/80%P 18 CM,,0.67392,KG,0,0.05,0.0
4011103003.0,ANTIBACTERIAL WET WIPES 1S-DAUN @24X30,3020303003.0,JR FN 40-76 H 20% R/80%P 18 CM,,0.67392,KG,0,0.05,0.0
4011103004.0,ANTIBACTERIAL WET WIPES 1S-MARBLE @24X30,3020303003.0,JR FN 40-76 H 20% R/80%P 18 CM,,0.67392,KG,0,0.05,0.0
4011103005.0,ANTIBACTERIAL WET WIPES 1S-ABSTRAK @24X30,3020303003.0,JR FN 40-76 H 20% R/80%P 18 CM,,0.67392,KG,0,0.05,0.0
4011103006.0,ANTIBACTERIAL WET WIPES 1S-KOTAK @24X30,3020303003.0,JR FN 40-76 H 20% R/80%P 18 CM,,0.67392,KG,0,0.05,0.0
4011103007.0,ANTIBACTERIAL WET WIPES 1S-PUTIH @24X25,3020303004.0,JR FN 40-76 H 20% R/80%P 20 CM,,0.624,KG,0,0.05,0.0
4011103008.0,ANTIBACTERIAL WET WIPES 1S-HITAM @24X25,3020303004.0,JR FN 40-76 H 20% R/80%P 20 CM,,0.624,KG,0,0.05,0.0
4011103009.0,ANTIBACTERIAL WET WIPES 1S-DAUN @24X25,3020303004.0,JR FN 40-76 H 20% R/80%P 20 CM,,0.624,KG,0,0.05,0.0
4011103010.0,ANTIBACTERIAL WET WIPES 1S-MARBLE @24X25,3020303004.0,JR FN 40-76 H 20% R/80%P 20 CM,,0.624,KG,0,0.05,0.0
4011103011.0,ANTIBACTERIAL WET WIPES 1S-ABSTRAK @24X25,3020303004.0,JR FN 40-76 H 20% R/80%P 20 CM,,0.624,KG,0,0.05,0.0
4011103012.0,ANTIBACTERIAL WET WIPES 1S-KOTAK @24X25,3020303004.0,JR FN 40-76 H 20% R/80%P 20 CM,,0.624,KG,0,0.05,0.0
3040200001.0,KAIN SL 100GSMX165CM (FN70-6H) BL,3011701001.0,MR FN 70-6 H 70%R/30%P BL 165 CM,,0.1155,KG,28788.888888888887,0.05,3500.1228070175443
3040200002.0,KAIN SL 100GSMX165CM (FN70-6H) WG,3011901001.0,MR FN 70-6 H 50%R/42.5P/7.5%ES WG 165 CM,,0.1155,KG,16111.111111111111,0.05,1958.7719298245618
3060200001.0,JR SL 100GSMX75CM (FN70-6H),3040200001.0,KAIN SL 100GSMX165CM (FN70-6H) BL,,0.5,M,0,0.05,0.0
4021301002.0,BED LINER ROLL GSM 100 (70-6H) L:75CMXP300M,3060200001.0,JR SL 100GSMX75CM (FN70-6H),,1.0,M,0,0.05,0.0
3040100007.0,KAIN SF 100GSMX165CM (FN70-25D),3011101004.0,MR FN 70-25 D 50%R/42.5%P/7.5%ES 165 CM,,0.1155,KG,0,0.05,0.0
3040100008.0,KAIN SF 100GSMX30CM (FN70-25D),3040100007.0,KAIN SF 100GSMX165CM (FN70-25D),,0.2,M,0,0.05,0.0
4010230002.0,RAJAWALI UNDERPAD 30X75 @10,3040100008.0,KAIN SF 100GSMX30CM (FN70-25D),,75.0,M,0,0.05,0.0
4030201005.0,FALMED APD SFS SEAL ALL SIZE,4030102001.0,KAIN SLS/SFS EX MARGARETH 152 CM (A),,3.5,M,5000,0.05,18421.052631578947
4030202005.0,FALMED APD SFS NON SEAL ALL SIZE,4030102001.0,KAIN SLS/SFS EX MARGARETH 152 CM (A),,3.5,M,5000,0.05,18421.052631578947
4030203001.0,FALMED APD SB SEAL ALL SIZE,4030101001.0,KAIN SPUNBOND BREATHABLE 160 CM @500,,3.0,M,0,0.05,0.0
4030204001.0,FALMED APD SB NON SEAL ALL SIZE,4030101001.0,KAIN SPUNBOND BREATHABLE 160 CM @500,,3.0,M,0,0.05,0.0
4030400001.0,FALMED SURGICAL GOWN,4030102001.0,KAIN SLS/SFS EX MARGARETH 152 CM (A),,1.8,M,5000,0.05,9473.684210526317
4010231001.0,FLD BED LINER FN70-6H L:75CMXP155CM 10S @4,3040100002.0,KAIN SF 100GSMX75CM (FN70-6H),,62.0,M,0,0.05,0.0
4040202001.0,SPUNLACE  100% R 40 GSM WHITE W: 21 CM,3020304001.0,JR FN 40-76 H 100% R 21 CM,,1.0,KG,0,0.05,0.0
4021802001.0,AMB KASSA NON WOVEN 13X28 100S @12,3020202003.0,JR FN 40-25 D 50% R/50%P 13 CM,,1.7472,KG,0,0.05,0.0
4021802002.0,AMB KASSA NON WOVEN 11X28 100S @20,3020202004.0,JR FN 40-25 D 50% R/50%P 11 CM,,2.4640000000000004,KG,0,0.05,0.0
4021902003.0,INDO RAYA KASSA NON WOVEN 7X14 1 kg,3020202005.0,,,20.007680000000004,KG,,0.05,
4021901001.0,QUEEN SACHET RESTAURANT 1S @18X50,3020302002.0,JR FN 40-76 H 50% R/50%P 20 CM,,1.4400000000000002,KG,29444.444444444445,0.05,44631.57894736843
4040202002.0,SPUNLACE  100% R 40 GSM W:45 CM L:1000M,3020304002.0,JR FN 40-76 H 100% R 45 CM,,1.0,KG,0,0.05,0.0
4040202003.0,"SPUNLACE  R 50%, P 50%  40 GSM W:100cm",3020302007.0,JR FN 40-76 H 50% R/50%P 100 CM MULIA AR,,1.0,KG,,,
4040202004.0,"SPUNLACE  R 50%, P 50%  40 GSM W:15cm",3020302012.0,JR FN 40-76 H 50% R/50%P 15 CM MULIA AR,,1.0,KG,,,
4022001001.0,SIGPRO WASH GLOVES 4S @8X6,3021301005.0,JR FN 80-25 D 50%R/40%P/10%ES 15 CM,,1.0368000000000002,KG,29570.37037037037,0.05,32272.168421052633
4022201001.0,SIGPRO WASH GLOVES 4S @10X6,3021301005.0,JR FN 80-25 D 50%R/40%P/10%ES 15 CM,,1.2960000000000003,KG,29570.37037037037,0.05,40340.210526315794
4050100001.0,BANTAL SYNTEC GOOOSE DOWN SYNTETIC 45X65 CM,1080100001.0,KAIN POLYMICRO 90 GSM W:240 CM,,0.27,M,12000,0.1,3600.0
4050100003.0,BANTAL SYNTEC GOOOSE DOWN S 100%W 45X65 CM,1080100001.0,KAIN POLYMICRO 90 GSM W:240 CM,,0.27,M,12000,0.1,3600.0
4050100002.0,BANTAL SYNTEC 100% SILICONE FIBER 45X65 CM,1080100001.0,KAIN POLYMICRO 90 GSM W:240 CM,,0.27,M,12000,0.1,3600.0
4050100005.0,BANTAL SYNTEC SILICON GRADE A 45X65 CM,2012700001.0,RESLETING JEPANG 25 CM,,1.0,PCS,625,0.11,702.2471910112359
4050200001.0,BANTAL HELA SIGNATURE QUEEN 50X70 CM,1080100001.0,KAIN POLYMICRO 90 GSM W:240 CM,,0.3625,M,12000,0.11,4887.640449438202
4050200002.0,BANTAL HELA SIGNATURE STANDARD 45X65 CM,1080100001.0,KAIN POLYMICRO 90 GSM W:240 CM,,0.27,M,12000,0.1,3600.0
4050200003.0,BANTAL HELA DELUXE QUEEN 50X70 CM,1080100001.0,KAIN POLYMICRO 90 GSM W:240 CM,,0.3625,M,12000,0.1,4833.333333333333
4050200004.0,BANTAL HELA DELUXE STANDARD 45X65 CM,1080100001.0,KAIN POLYMICRO 90 GSM W:240 CM,,0.27,M,12000,0.11,3640.449438202247
4050300001.0,BANTAL VOLARE HOTEL SERIES 50X75 CM,1080200001.0,KAIN DOBBY 130 GSM W:240 CM,,0.39,M,0,0.11,0.0
4050100004.0,GULING SYNTEC GOOOSE DOWN 100%W L:86D:24CM,2012700001.0,RESLETING JEPANG 25 CM,,1.0,PCS,625,0.05,657.8947368421053
3040100003.0,KAIN SF 100GSMX152CM ORANGE,1040100004.0,SPUNBOND MASKER 25GSMX1850MM ORANGE,,0.04,KG,,,
4060100001.0,BAG WETKINS 50S ORANGE,2010603003.0,PLASTIK MICA 100 MICRON W:134 CM,,0.012444029850746269,M,,,
4060100002.0,BAG WETKINS 80S ORANGE,2010603003.0,PLASTIK MICA 100 MICRON W:134 CM,,0.022388059701492536,M,,,
3040100004.0,KAIN SF 100GSMX152CM BLUE,1040100001.0,SPUNBOND MASKER 25GSMX1850MM BIRU,,0.04,KG,,,
4060100003.0,BAG WETKINS 50S BLUE,2010603003.0,PLASTIK MICA 100 MICRON W:134 CM,,0.012444029850746269,M,,,
4060100004.0,BAG WETKINS 80S  BLUE,2010603003.0,PLASTIK MICA 100 MICRON W:134 CM,,0.022388059701492536,M,,,
3040100005.0,KAIN SF 100GSMX152CM PINK,1040100005.0,SPUNBOND MASKER 25GSMX1850MM PINK,,0.04,KG,,,
4060100005.0,BAG WETKINS 50S PINK,2010603003.0,PLASTIK MICA 100 MICRON W:134 CM,,0.012444029850746269,M,,,
4060100006.0,BAG WETKINS 80S  PINK,2010603003.0,PLASTIK MICA 100 MICRON W:134 CM,,0.022388059701492536,M,,,
3040100006.0,KAIN SF 100GSMX152CM GREY,1040100001.0,SPUNBOND MASKER 25GSMX1850MM BIRU,,0.04,KG,,,
4060100007.0,BAG WETKINS 50S GREY,2010603003.0,PLASTIK MICA 100 MICRON W:134 CM,,0.012444029850746269,M,,,
4060100008.0,BAG WETKINS 80S GREY,2010603003.0,PLASTIK MICA 100 MICRON W:134 CM,,0.022388059701492536,M,,,
3050100001.0,URUNG BISBAN PUTIH 45X65 CM,1080100001.0,KAIN POLYMICRO 90 GSM W:240 CM,,0.27,M,12000,0.1,3600.0
3060200002.0,JR SL 100GSMX15CM (FN70-6H),3040200002.0,KAIN SL 100GSMX165CM (FN70-6H) WG,,0.1,M,0,0.05,0.0
4022101001.0,OCTENIC BWG 4S @72,3060200002.0,JR SL 100GSMX15CM (FN70-6H),,129.6,M,0,0.1,0.0
1040100003.0,SPUNBOND MASKER 25GSMX1850MM HITAM,1040100009.0,SPUNBOND MASKER 25GSMX1350MM HITAM,,1.35,MM,,,
1040100004.0,SPUNBOND MASKER 25GSMX1850MM ORANGE,1040100010.0,SPUNBOND MASKER 25GSMX1350MM ORANGE,,1.35,MM,,,
1040100002.0,SPUNBOND MASKER 25GSMX1850MM ABU,1040100008.0,SPUNBOND MASKER 25GSMX1350MM ABU,,1.35,MM,,,
1040100005.0,SPUNBOND MASKER 25GSMX1850MM PINK,1040100011.0,SPUNBOND MASKER 25GSMX1350MM PINK,,1.35,MM,,,
1040100001.0,SPUNBOND MASKER 25GSMX1850MM BIRU,1040100007.0,SPUNBOND MASKER 25GSMX1350MM BIRU,,1.35,MM,,,
4070102001.0,KAIN SFS + SFSH FUTTON WHITE,4030102001.0,KAIN SLS/SFS EX MARGARETH 152 CM (A),,1.52,M,,,
4070102002.0,KAIN SFS + SFSH FUTTON BLACK,4030102001.0,KAIN SLS/SFS EX MARGARETH 152 CM (A),,1.52,M,,,
4070102003.0,KAIN SFS + SFSH FUTTON ORANGE,4030102001.0,KAIN SLS/SFS EX MARGARETH 152 CM (A),,1.52,M,,,
4070102004.0,KAIN SFS + SFSH FUTTON GRAY,4030102001.0,KAIN SLS/SFS EX MARGARETH 152 CM (A),,1.52,M,,,
4070102005.0,KAIN SFS + SFSH FUTTON PINK,4030102001.0,KAIN SLS/SFS EX MARGARETH 152 CM (A),,1.52,M,,,
4070102006.0,KAIN SFS + SFSH FUTTON BLUE,4030102001.0,KAIN SLS/SFS EX MARGARETH 152 CM (A),,1.52,M,,,
4070100001.0,FUTON 90 X 200 CM WHITE,1010600001.0,WEB FIBER,,6.65,KG,,,
4070100002.0,FUTON 120 X 200 CM WHITE,1010600001.0,WEB FIBER,,9.025,KG,,,
4070100003.0,FUTON 85 X 200 CM WHITE,1010600001.0,WEB FIBER,,4.25,g,,,
4070100004.0,FUTON 85 X 200 CM Black,1010600001.0,WEB FIBER,,4.25,g,,,
4070100005.0,FUTON 85 X 200 CM Orange,1010600001.0,WEB FIBER,,4.25,g,,,
4070100006.0,FUTON 85 X 200 CM GRAY,1010600001.0,WEB FIBER,,4.25,g,,,
4080100001.0,TAS FUTON 90 X 200 CM WHITE,4070102001.0,KAIN SFS + SFSH FUTTON WHITE,,4.96,M,,,
4080100002.0,TAS FUTON 120 X 200 CM WHITE,4070102001.0,KAIN SFS + SFSH FUTTON WHITE,,7.68,M,,,
4080100003.0,TAS FUTON  85 X 200 CM WHITE,4070102001.0,KAIN SFS + SFSH FUTTON WHITE,,7.68,M,,,
4080100004.0,TAS FUTON  85 X 200 CM BLACK,4070102002.0,KAIN SFS + SFSH FUTTON BLACK,,7.68,M,,,
4080100005.0,TAS FUTON  85 X 200 CM ORANGE,4070102003.0,KAIN SFS + SFSH FUTTON ORANGE,,7.68,M,,,
4080100006.0,TAS FUTON  85 X 200 CM GRAY,4070102004.0,KAIN SFS + SFSH FUTTON GRAY,,7.68,M,,,
4030105002.0,KAIN FLD 100GSM 147 CM,3010301001.0,MR FN 40-25 D 95%P/5%ES 147 CM,,1.0,M,,,
4090101001.0,SFS SANDWICH   128 CM ORANGE,1040100004.0,SPUNBOND MASKER 25GSMX1850MM ORANGE,,1.0,M,,,
4100101002.0,SFS SANDWICH   128 CM BLACK,1040100003.0,SPUNBOND MASKER 25GSMX1850MM HITAM,,1.0,M,,,
4100101003.0,SFS SANDWICH   128 CM GRAY,1040100002.0,SPUNBOND MASKER 25GSMX1850MM ABU,,1.0,M,,,
4100101004.0,SFS SANDWICH   128 CM PINK,1040100005.0,SPUNBOND MASKER 25GSMX1850MM PINK,,1.0,M,,,
4100101005.0,SFS SANDWICH   128 CM WHITE,1040100006.0,SPUNBOND MASKER 25GSMX1850MMPUTIH,,1.0,M,,,
4100101006.0,SFS SANDWICH   128 CM BLUE,1040100001.0,SPUNBOND MASKER 25GSMX1850MM BIRU,,1.0,M,,,
